MoYear,BOFFireApplication,HetchHetchy
Jan-00,Open,155
Feb-00,Open,435
Mar-00,Open,465
Apr-00,Open,1500
May-00,Open,4340
Jun-00,Open,4200
Jul-00,Open,4340
Aug-00,Open,3100
Sep-00,Open,3000
Oct-00,Open,2325
Nov-00,Open,1200
Dec-00,Open,0
1-Jan,Open,155
1-Feb,Open,420
1-Mar,Open,465
1-Apr,Open,1500
1-May,Open,4340
1-Jun,Open,3397
1-Jul,Open,2468
1-Aug,Open,3100
1-Sep,Open,3000
1-Oct,Open,939
1-Nov,Open,1200
1-Dec,Open,0
2-Jan,Open,155
2-Feb,Open,420
2-Mar,Open,465
2-Apr,Open,1229
2-May,Open,2497
2-Jun,Open,1831
2-Jul,Open,2714
2-Aug,Open,3100
2-Sep,Open,3000
2-Oct,Open,2325
2-Nov,Open,0
2-Dec,Open,0
3-Jan,Open,0
3-Feb,Open,0
3-Mar,Open,465
3-Apr,Open,1500
3-May,Open,4340
3-Jun,Open,4200
3-Jul,Open,4340
3-Aug,Open,3100
3-Sep,Open,3000
3-Oct,Open,2325
3-Nov,Open,0
3-Dec,Open,0
4-Jan,Open,0
4-Feb,Open,0
4-Mar,Open,0
4-Apr,Open,1331
4-May,Open,1908
4-Jun,Open,4200
4-Jul,Open,4340
4-Aug,Open,1984
4-Sep,Open,3000
4-Oct,Open,2325
4-Nov,Open,1240
4-Dec,Open,0
5-Jan,Open,142
5-Feb,Open,236
5-Mar,Open,555
5-Apr,Open,1326
5-May,Open,3035
5-Jun,Open,5020
5-Jul,Open,3568
5-Aug,Open,2486
5-Sep,Open,1811
5-Oct,Open,1187
5-Nov,Open,0
5-Dec,Open,328
6-Jan,Open,161
6-Feb,Open,270
6-Mar,Open,269
6-Apr,Open,1352
6-May,Open,3873
6-Jun,Open,4616
6-Jul,Open,3247
6-Aug,Open,2813
6-Sep,Open,2297
6-Oct,Open,1187
6-Nov,Open,0
6-Dec,Open,243
7-Jan,Open,155
7-Feb,Open,316
7-Mar,Open,719
7-Apr,Open,2142
7-May,Open,3221
7-Jun,Open,2985
7-Jul,Open,2883
7-Aug,Open,2668
7-Sep,Open,2096
7-Oct,Open,1662
7-Nov,Open,864
7-Dec,Open,402
8-Jan,Open,154
8-Feb,Open,295
8-Mar,Open,1090
8-Apr,Open,1847
8-May,Open,3779
8-Jun,Open,3209
8-Jul,Open,2826
8-Aug,Open,2560
8-Sep,Open,1916
8-Oct,Open,1534
8-Nov,Open,1047
8-Dec,Open,218
9-Jan,Open,257
9-Feb,Open,148
9-Mar,Open,626
9-Apr,Open,1502
9-May,Open,4160
9-Jun,Open,3812
9-Jul,Open,3290
9-Aug,Closed,3112
9-Sep,Closed,2034
9-Oct,Open,1851
9-Nov,Open,1141
9-Dec,Open,220
10-Jan,Open,283
10-Feb,Open,364
10-Mar,Open,896
10-Apr,Open,1076
10-May,Open,5110
10-Jun,Open,4328
10-Jul,Open,3809
10-Aug,Open,3392
10-Sep,Open,3038
10-Oct,Open,2033
10-Nov,Open,667
10-Dec,Open,213
11-Jan,Open,275
11-Feb,Open,271
11-Mar,Open,270
11-Apr,Open,0
11-May,Open,5312
11-Jun,Open,6475
11-Jul,Open,5360
11-Aug,Open,3892
11-Sep,Open,3194
11-Oct,Open,2351
11-Nov,Open,918
11-Dec,Open,574
12-Jan,Open,405
12-Feb,Open,613
12-Mar,Open,784
12-Apr,Open,1969
12-May,Open,0
12-Jun,Open,3763
12-Jul,Open,3658
12-Aug,Open,3186
12-Sep,Open,2498
12-Oct,Open,1715
12-Nov,Open,775
12-Dec,Open,141
13-Jan,Open,0
13-Feb,Open,0
13-Mar,Open,0
13-Apr,Open,1936
13-May,Open,3846
13-Jun,Open,4187
13-Jul,Open,3151
13-Aug,Closed,1510
13-Sep,Closed,0
13-Oct,Open,269
13-Nov,Open,1077
13-Dec,Open,578
14-Jan,Open,604
14-Feb,Open,542
14-Mar,Open,1069
14-Apr,Open,2120
14-May,Open,3245
14-Jun,Open,3027
14-Jul,Closed,2858
14-Aug,Closed,2835
14-Sep,Open,1933
14-Oct,Open,1789
14-Nov,Open,1273
14-Dec,Open,877
15-Jan,Open,79
15-Feb,Open,1066
15-Mar,Open,0
15-Apr,Open,2491
15-May,Open,3326
15-Jun,Open,3225
15-Jul,Open,3144
15-Aug,Open,2703
15-Sep,Open,2180
15-Oct,Open,1743
15-Nov,Open,764
15-Dec,Open,349
16-Jan,Open,277
16-Feb,Open,837
16-Mar,Open,1516
16-Apr,Open,2773
16-May,Open,4686
16-Jun,Open,4065
16-Jul,Open,3738
16-Aug,Open,2686
16-Sep,Open,3020
16-Oct,Open,2382
16-Nov,Open,1373
16-Dec,Open,746
17-Jan,Open,258
17-Feb,Open,646
17-Mar,Open,1412
17-Apr,Open,0
17-May,Open,0
17-Jun,Open,6617
17-Jul,Open,4478
17-Aug,Open,3466
17-Sep,Open,3202
17-Oct,Open,2418
17-Nov,Open,857
17-Dec,Open,620
18-Jan,Open,733
18-Feb,Open,0
18-Mar,Open,1021
18-Apr,Open,2884
18-May,Open,2996
18-Jun,Open,3745
18-Jul,Open,2869
18-Aug,Closed,1078
18-Sep,Open,2154
18-Oct,Open,2049
18-Nov,Open,1174
18-Dec,Open,102
19-Jan,Open,122
19-Feb,Open,92
19-Mar,Open,1119
19-Apr,Open,0
19-May,Open,4063
19-Jun,Open,5405
19-Jul,Open,3845
19-Aug,Open,2984
19-Sep,Open,2996
19-Oct,Open,2056
19-Nov,Open,0
19-Dec,Open,297
