MoYear,BOFFireApplication,Southgate
Jan-00,Open,14585
Feb-00,Open,18311
Mar-00,Open,22615
Apr-00,Open,34845
May-00,Open,39950
Jun-00,Open,46510
Jul-00,Open,54469
Aug-00,Open,52706
Sep-00,Open,40254
Oct-00,Open,30697
Nov-00,Open,19052
Dec-00,Open,18609
1-Jan,Open,14438
1-Feb,Open,15288
1-Mar,Open,19201
1-Apr,Open,25267
1-May,Open,40497
1-Jun,Open,45581
1-Jul,Open,53610
1-Aug,Open,52516
1-Sep,Open,47098
1-Oct,Open,22889
1-Nov,Open,21148
1-Dec,Open,17728
2-Jan,Open,16702
2-Feb,Open,17406
2-Mar,Open,21127
2-Apr,Open,25544
2-May,Open,41024
2-Jun,Open,47178
2-Jul,Open,54323
2-Aug,Open,54134
2-Sep,Open,37721
2-Oct,Open,31226
2-Nov,Open,21333
2-Dec,Open,17140
3-Jan,Open,18473
3-Feb,Open,16859
3-Mar,Open,19759
3-Apr,Open,25198
3-May,Open,39630
3-Jun,Open,49463
3-Jul,Open,60157
3-Aug,Open,65100
3-Sep,Open,37150
3-Oct,Open,33447
3-Nov,Open,19697
3-Dec,Open,15867
4-Jan,Open,16209
4-Feb,Open,18128
4-Mar,Open,21700
4-Apr,Open,33750
4-May,Open,44950
4-Jun,Open,49265
4-Jul,Open,55009
4-Aug,Open,52662
4-Sep,Open,37473
4-Oct,Open,25277
4-Nov,Open,17765
4-Dec,Open,12979
5-Jan,Open,13732
5-Feb,Open,14793
5-Mar,Open,20122
5-Apr,Open,25164
5-May,Open,33227
5-Jun,Open,52523
5-Jul,Open,54120
5-Aug,Open,65100
5-Sep,Open,31650
5-Oct,Open,33800
5-Nov,Open,22050
5-Dec,Open,18502
6-Jan,Open,16776
6-Feb,Open,15443
6-Mar,Open,14377
6-Apr,Open,25686
6-May,Open,60103
6-Jun,Open,65920
6-Jul,Open,73634
6-Aug,Open,63361
6-Sep,Open,44182
6-Oct,Open,33379
6-Nov,Open,22318
6-Dec,Open,17367
7-Jan,Open,18145
7-Feb,Open,18900
7-Mar,Open,21700
7-Apr,Open,33750
7-May,Open,44950
7-Jun,Open,55500
7-Jul,Open,65100
7-Aug,Open,65100
7-Sep,Open,46500
7-Oct,Open,37200
7-Nov,Open,22500
7-Dec,Open,21700
8-Jan,Open,17825
8-Feb,Open,19575
8-Mar,Open,21700
8-Apr,Open,29290
8-May,Open,48438
8-Jun,Open,53058
8-Jul,Open,60106
8-Aug,Open,57719
8-Sep,Open,41679
8-Oct,Open,35426
8-Nov,Open,22802
8-Dec,Open,16071
9-Jan,Open,17717
9-Feb,Open,12422
9-Mar,Open,19704
9-Apr,Open,34510
9-May,Open,52247
9-Jun,Open,53929
9-Jul,Open,66066
9-Aug,Closed,62636
9-Sep,Closed,45756
9-Oct,Open,38159
9-Nov,Open,22796
9-Dec,Open,16737
10-Jan,Open,16040
10-Feb,Open,14844
10-Mar,Open,21230
10-Apr,Open,29479
10-May,Open,50490
10-Jun,Open,63620
10-Jul,Open,70455
10-Aug,Open,64502
10-Sep,Open,49399
10-Oct,Open,37200
10-Nov,Open,22500
10-Dec,Open,15772
11-Jan,Open,15434
11-Feb,Open,13332
11-Mar,Open,12992
11-Apr,Open,32040
11-May,Open,47396
11-Jun,Open,54693
11-Jul,Open,76212
11-Aug,Open,69499
11-Sep,Open,49486
11-Oct,Open,37200
11-Nov,Open,18917
11-Dec,Open,18225
12-Jan,Open,15428
12-Feb,Open,17028
12-Mar,Open,21700
12-Apr,Open,33750
12-May,Open,44950
12-Jun,Open,55500
12-Jul,Open,65100
12-Aug,Open,65100
12-Sep,Open,46500
12-Oct,Open,37200
12-Nov,Open,22500
12-Dec,Open,21700
13-Jan,Open,17825
13-Feb,Open,18900
13-Mar,Open,21700
13-Apr,Open,33750
13-May,Open,44950
13-Jun,Open,55500
13-Jul,Open,65100
13-Aug,Closed,65100
13-Sep,Closed,46500
13-Oct,Open,37200
13-Nov,Open,22500
13-Dec,Open,21700
14-Jan,Open,17825
14-Feb,Open,18900
14-Mar,Open,21700
14-Apr,Open,33750
14-May,Open,44950
14-Jun,Open,55500
14-Jul,Closed,72129
14-Aug,Closed,62899
14-Sep,Open,46547
14-Oct,Open,43574
14-Nov,Open,40350
14-Dec,Open,21700
15-Jan,Open,24755
15-Feb,Open,24247
15-Mar,Open,31144
15-Apr,Open,42358
15-May,Open,54494
15-Jun,Open,62096
15-Jul,Open,65100
15-Aug,Open,65100
15-Sep,Open,46500
15-Oct,Open,37309
15-Nov,Open,23774
15-Dec,Open,20179
16-Jan,Open,22052
16-Feb,Open,35523
16-Mar,Open,56816
16-Apr,Open,40942
16-May,Open,59667
16-Jun,Open,67306
16-Jul,Open,78411
16-Aug,Open,65100
16-Sep,Open,56875
16-Oct,Open,37200
16-Nov,Open,31818
16-Dec,Open,23689
17-Jan,Open,17749
17-Feb,Open,14191
17-Mar,Open,18350
17-Apr,Open,46841
17-May,Open,67642
17-Jun,Open,80486
17-Jul,Open,67868
17-Aug,Open,37925
17-Sep,Open,43371
17-Oct,Open,41539
17-Nov,Open,33589
17-Dec,Open,18822
18-Jan,Open,17825
18-Feb,Open,18900
18-Mar,Open,21700
18-Apr,Open,33750
18-May,Open,44950
18-Jun,Open,55500
18-Jul,Open,50400
18-Aug,Closed,35700
18-Sep,Open,46500
18-Oct,Open,37200
18-Nov,Open,22500
18-Dec,Open,86355
19-Jan,Open,17825
19-Feb,Open,18900
19-Mar,Open,21700
19-Apr,Open,33750
19-May,Open,44950
19-Jun,Open,55500
19-Jul,Open,65100
19-Aug,Open,65100
19-Sep,Open,46500
19-Oct,Open,37200
19-Nov,Open,22500
19-Dec,Open,21700
