MoYear,BOFFireApplication,ArchRock,,
Jan-00,Open,11400,Q1,35700
Feb-00,Open,10800,,
Mar-00,Open,13500,,
Apr-00,Open,12600,Q2,83700
May-00,Open,26100,,
Jun-00,Open,45000,,
Jul-00,Open,51150,Q3,117550
Aug-00,Open,49600,,
Sep-00,Open,16800,,
Oct-00,Open,35650,Q4,78300
Nov-00,Open,22500,,
Dec-00,Open,20150,,
1-Jan,Open,17670,Q1,59820
1-Feb,Open,18900,,
1-Mar,Open,23250,,
1-Apr,Open,25395,Q2,100056
1-May,Open,35564,,
1-Jun,Open,39097,,
1-Jul,Open,43614,Q3,125771
1-Aug,Open,49600,,
1-Sep,Open,32557,,
1-Oct,Open,27521,Q4,64360
1-Nov,Open,18954,,
1-Dec,Open,17885,,
2-Jan,Open,15244,Q1,50164
2-Feb,Open,15358,,
2-Mar,Open,19562,,
2-Apr,Open,25162,Q2,104002
2-May,Open,37050,,
2-Jun,Open,41790,,
2-Jul,Open,44301,Q3,123033
2-Aug,Open,43849,,
2-Sep,Open,34883,,
2-Oct,Open,29822,Q4,68277
2-Nov,Open,21691,,
2-Dec,Open,16764,,
3-Jan,Open,15962,Q1,50167
3-Feb,Open,15027,,
3-Mar,Open,19178,,
3-Apr,Open,23627,Q2,103265
3-May,Open,35503,,
3-Jun,Open,44135,,
3-Jul,Open,45213,Q3,123958
3-Aug,Open,44444,,
3-Sep,Open,34301,,
3-Oct,Open,31196,Q4,67707
3-Nov,Open,19283,,
3-Dec,Open,17228,,
4-Jan,Open,15788,Q1,52752
4-Feb,Open,16324,,
4-Mar,Open,20640,,
4-Apr,Open,30058,Q2,112674
4-May,Open,40126,,
4-Jun,Open,42490,,
4-Jul,Open,44650,Q3,123378
4-Aug,Open,42566,,
4-Sep,Open,36162,,
4-Oct,Open,27661,Q4,62784
4-Nov,Open,18134,,
4-Dec,Open,16989,,
5-Jan,Open,15983,Q1,58133
5-Feb,Open,18900,,
5-Mar,Open,23250,,
5-Apr,Open,31500,Q2,125798
5-May,Open,44950,,
5-Jun,Open,49348,,
5-Jul,Open,51150,Q3,142092
5-Aug,Open,49600,,
5-Sep,Open,41342,,
5-Oct,Open,33369,Q4,72700
5-Nov,Open,22605,,
5-Dec,Open,16726,,
6-Jan,Open,17670,Q1,54145
6-Feb,Open,15490,,
6-Mar,Open,20985,,
6-Apr,Open,29254,Q2,30314
6-May,Open,1060,,
6-Jun,Open,0,,
6-Jul,Open,0,Q3,66799
6-Aug,Open,31704,,
6-Sep,Open,35095,,
6-Oct,Open,28959,Q4,66484
6-Nov,Open,21048,,
6-Dec,Open,16477,,
7-Jan,Open,14722,Q1,48657
7-Feb,Open,14248,,
7-Mar,Open,19687,,
7-Apr,Open,26916,Q2,107096
7-May,Open,37943,,
7-Jun,Open,42237,,
7-Jul,Open,44124,Q3,124404
7-Aug,Open,43148,,
7-Sep,Open,37132,,
7-Oct,Open,30765,Q4,68413
7-Nov,Open,21216,,
7-Dec,Open,16432,,
8-Jan,Open,15048,Q1,54149
8-Feb,Open,16700,,
8-Mar,Open,22401,,
8-Apr,Open,25287,Q2,108226
8-May,Open,38920,,
8-Jun,Open,44019,,
8-Jul,Open,43485,Q3,122238
8-Aug,Open,42423,,
8-Sep,Open,36330,,
8-Oct,Open,31070,Q4,66158
8-Nov,Open,19285,,
8-Dec,Open,15803,,
9-Jan,Open,15440,Q1,49803
9-Feb,Open,14002,,
9-Mar,Open,20361,,
9-Apr,Open,29003,Q2,119356
9-May,Open,42580,,
9-Jun,Open,47773,,
9-Jul,Open,51030,Q3,144795
9-Aug,Closed,49969,,
9-Sep,Closed,43796,,
9-Oct,Open,34237,Q4,73548
9-Nov,Open,21837,,
9-Dec,Open,17474,,
10-Jan,Open,15385,Q1,54559
10-Feb,Open,16482,,
10-Mar,Open,22692,,
10-Apr,Open,29365,Q2,131708
10-May,Open,45513,,
10-Jun,Open,56830,,
10-Jul,Open,57350,Q3,155501
10-Aug,Open,51946,,
10-Sep,Open,46205,,
10-Oct,Open,34755,Q4,71793
10-Nov,Open,21411,,
10-Dec,Open,15627,,
11-Jan,Open,17128,Q1,54203
11-Feb,Open,17345,,
11-Mar,Open,19730,,
11-Apr,Open,31500,Q2,132663
11-May,Open,44950,,
11-Jun,Open,56213,,
11-Jul,Open,59327,Q3,158694
11-Aug,Open,54471,,
11-Sep,Open,44896,,
11-Oct,Open,37061,Q4,77428
11-Nov,Open,22218,,
11-Dec,Open,18149,,
12-Jan,Open,18387,Q1,59686
12-Feb,Open,17877,,
12-Mar,Open,23422,,
12-Apr,Open,33551,Q2,128468
12-May,Open,45200,,
12-Jun,Open,49717,,
12-Jul,Open,50002,Q3,137798
12-Aug,Open,49600,,
12-Sep,Open,38196,,
12-Oct,Open,28858,Q4,65516
12-Nov,Open,19275,,
12-Dec,Open,17383,,
13-Jan,Open,16634,Q1,59730
13-Feb,Open,17536,,
13-Mar,Open,25560,,
13-Apr,Open,30371,Q2,120321
13-May,Open,44950,,
13-Jun,Open,45000,,
13-Jul,Open,50987,Q3,147265
13-Aug,Closed,55726,,
13-Sep,Closed,40552,,
13-Oct,Open,20237,Q4,61689
13-Nov,Open,22968,,
13-Dec,Open,18484,,
14-Jan,Open,16919,Q1,55597
14-Feb,Open,16924,,
14-Mar,Open,21754,,
14-Apr,Open,32520,Q2,122470
14-May,Open,44950,,
14-Jun,Open,45000,,
14-Jul,Closed,56355,Q3,146301
14-Aug,Closed,49472,,
14-Sep,Open,40474,,
14-Oct,Open,29344,Q4,75176
14-Nov,Open,23857,,
14-Dec,Open,21975,,
15-Jan,Open,19875,Q1,68115
15-Feb,Open,19574,,
15-Mar,Open,28666,,
15-Apr,Open,35198,Q2,130325
15-May,Open,45677,,
15-Jun,Open,49450,,
15-Jul,Open,48671,Q3,141051
15-Aug,Open,49004,,
15-Sep,Open,43376,,
15-Oct,Open,36641,Q4,84825
15-Nov,Open,24772,,
15-Dec,Open,23412,,
16-Jan,Open,21728,Q1,80693
16-Feb,Open,26196,,
16-Mar,Open,32769,,
16-Apr,Open,38821,Q2,149990
16-May,Open,52689,,
16-Jun,Open,58480,,
16-Jul,Open,60143,Q3,167834
16-Aug,Open,54744,,
16-Sep,Open,52947,,
16-Oct,Open,43187,Q4,95814
16-Nov,Open,28816,,
16-Dec,Open,23811,,
17-Jan,Open,20184,Q1,90502
17-Feb,Open,24206,,
17-Mar,Open,46112,,
17-Apr,Open,66498,Q2,191955
17-May,Open,67532,,
17-Jun,Open,57925,,
17-Jul,Open,57547,Q3,178050
17-Aug,Open,57367,,
17-Sep,Open,63136,,
17-Oct,Open,48242,Q4,101643
17-Nov,Open,33996,,
17-Dec,Open,19405,,
18-Jan,Open,20793,Q1,73452
18-Feb,Open,22429,,
18-Mar,Open,30230,,
18-Apr,Open,36935,Q2,128674
18-May,Open,46739,,
18-Jun,Open,45000,,
18-Jul,Open,21450,Q3,92873
18-Aug,Closed,27200,,
18-Sep,Open,44223,,
18-Oct,Open,35650,Q4,85521
18-Nov,Open,28012,,
18-Dec,Open,21859,,
19-Jan,Open,20296,Q1,65641
19-Feb,Open,18627,,
19-Mar,Open,26718,,
19-Apr,Open,41740,Q2,155404
19-May,Open,53008,,
19-Jun,Open,60656,,
19-Jul,Open,65040,Q3,183793
19-Aug,Open,61529,,
19-Sep,Open,57224,,
19-Oct,Open,42021,Q4,95753
19-Nov,Open,31304,,
19-Dec,Open,22428,,
