Taxable Sales - Small Counties,,,,,,,,
Calendar Year,Quarter,County,Business Type,Permit Date,Number of Permits,Taxable Transactions Amount,div1000,"sum no Home, Bldg"
2009,Q1,Madera,Clothing and Clothing Accessories Stores,1/1/2009,137,3038347,3038,144046
2009,Q2,Madera,Clothing and Clothing Accessories Stores,7/1/2009,138,3352900,3353,160114
2009,Q3,Madera,Clothing and Clothing Accessories Stores,7/1/2009,138,3163245,3163,170136
2009,Q4,Madera,Clothing and Clothing Accessories Stores,1/1/2010,154,4207596,4208,158271
2010,Q1,Madera,Clothing and Clothing Accessories Stores,1/1/2010,154,2990146,2990,150400
2010,Q2,Madera,Clothing and Clothing Accessories Stores,7/1/2010,179,3411083,3411,167472
2010,Q3,Madera,Clothing and Clothing Accessories Stores,7/1/2010,179,3449795,3450,177520
2010,Q4,Madera,Clothing and Clothing Accessories Stores,1/1/2011,172,4448341,4448,173368
2011,Q1,Madera,Clothing and Clothing Accessories Stores,1/1/2011,172,3164830,3165,168130
2011,Q2,Madera,Clothing and Clothing Accessories Stores,7/1/2011,217,3405353,3405,191274
2011,Q3,Madera,Clothing and Clothing Accessories Stores,7/1/2011,217,3586915,3587,199262
2011,Q4,Madera,Clothing and Clothing Accessories Stores,1/1/2012,219,5114229,5114,152155
2012,Q1,Madera,Clothing and Clothing Accessories Stores,1/1/2012,219,3579809,3580,
2012,Q2,Madera,Clothing and Clothing Accessories Stores,7/1/2012,228,3963473,3963,201592
2012,Q3,Madera,Clothing and Clothing Accessories Stores,7/1/2012,228,6032820,6033,206407
2012,Q4,Madera,Clothing and Clothing Accessories Stores,1/1/2013,179,8347252,8347,199164
2013,Q1,Madera,Clothing and Clothing Accessories Stores,1/1/2013,179,6865871,6866,189826
2013,Q2,Madera,Clothing and Clothing Accessories Stores,7/1/2013,178,7472043,7472,209907
2013,Q3,Madera,Clothing and Clothing Accessories Stores,7/1/2013,178,7495868,7496,215648
2013,Q4,Madera,Clothing and Clothing Accessories Stores,1/1/2014,170,8955763,8956,204405
2014,Q1,Madera,Clothing and Clothing Accessories Stores,1/1/2014,170,7180625,7181,195407
2014,Q2,Madera,Clothing and Clothing Accessories Stores,7/1/2014,157,7406594,7407,222003
2014,Q3,Madera,Clothing and Clothing Accessories Stores,7/1/2014,157,7813290,7813,226443
2014,Q4,Madera,Clothing and Clothing Accessories Stores,1/1/2015,161,9641524,9642,208289
2009,Q1,Madera,Food and Beverage Stores,1/1/2009,110,20812203,20812,
2009,Q2,Madera,Food and Beverage Stores,7/1/2009,113,25278098,25278,
2009,Q3,Madera,Food and Beverage Stores,7/1/2009,113,27673199,27673,
2009,Q4,Madera,Food and Beverage Stores,1/1/2010,114,25104661,25105,
2010,Q1,Madera,Food and Beverage Stores,1/1/2010,114,22430047,22430,
2010,Q2,Madera,Food and Beverage Stores,7/1/2010,118,22444313,22444,
2010,Q3,Madera,Food and Beverage Stores,7/1/2010,118,23734436,23734,
2010,Q4,Madera,Food and Beverage Stores,1/1/2011,118,23116251,23116,
2011,Q1,Madera,Food and Beverage Stores,1/1/2011,118,20000730,20001,
2011,Q2,Madera,Food and Beverage Stores,7/1/2011,122,23624497,23624,
2011,Q3,Madera,Food and Beverage Stores,7/1/2011,122,25603024,25603,
2011,Q4,Madera,Food and Beverage Stores,1/1/2012,122,24641689,24642,
2012,Q1,Madera,Food and Beverage Stores,1/1/2012,122,21439540,21440,
2012,Q2,Madera,Food and Beverage Stores,7/1/2012,115,24661757,24662,
2012,Q3,Madera,Food and Beverage Stores,7/1/2012,115,26029298,26029,
2012,Q4,Madera,Food and Beverage Stores,1/1/2013,116,24388149,24388,
2013,Q1,Madera,Food and Beverage Stores,1/1/2013,116,21760205,21760,
2013,Q2,Madera,Food and Beverage Stores,7/1/2013,115,25171711,25172,
2013,Q3,Madera,Food and Beverage Stores,7/1/2013,115,24483611,24484,
2013,Q4,Madera,Food and Beverage Stores,1/1/2014,117,23373212,23373,
2014,Q1,Madera,Food and Beverage Stores,1/1/2014,117,20720206,20720,
2014,Q2,Madera,Food and Beverage Stores,7/1/2014,117,26266210,26266,
2014,Q3,Madera,Food and Beverage Stores,7/1/2014,117,26809553,26810,
2014,Q4,Madera,Food and Beverage Stores,1/1/2015,114,24735084,24735,
2009,Q1,Madera,Food Services and Drinking Places,1/1/2009,243,20254985,20255,
2009,Q2,Madera,Food Services and Drinking Places,7/1/2009,247,23831823,23832,
2009,Q3,Madera,Food Services and Drinking Places,7/1/2009,247,22648568,22649,
2009,Q4,Madera,Food Services and Drinking Places,1/1/2010,248,21214695,21215,
2010,Q1,Madera,Food Services and Drinking Places,1/1/2010,248,20797210,20797,
2010,Q2,Madera,Food Services and Drinking Places,7/1/2010,252,23515718,23516,
2010,Q3,Madera,Food Services and Drinking Places,7/1/2010,252,24330138,24330,
2010,Q4,Madera,Food Services and Drinking Places,1/1/2011,257,21958088,21958,
2011,Q1,Madera,Food Services and Drinking Places,1/1/2011,257,20863956,20864,
2011,Q2,Madera,Food Services and Drinking Places,7/1/2011,249,24125055,24125,
2011,Q3,Madera,Food Services and Drinking Places,7/1/2011,249,25369838,25370,
2011,Q4,Madera,Food Services and Drinking Places,1/1/2012,247,22802596,22803,
2012,Q1,Madera,Food Services and Drinking Places,1/1/2012,247,22821163,22821,
2012,Q2,Madera,Food Services and Drinking Places,7/1/2012,258,25658323,25658,
2012,Q3,Madera,Food Services and Drinking Places,7/1/2012,258,26819235,26819,
2012,Q4,Madera,Food Services and Drinking Places,1/1/2013,254,24050619,24051,
2013,Q1,Madera,Food Services and Drinking Places,1/1/2013,254,23826712,23827,
2013,Q2,Madera,Food Services and Drinking Places,7/1/2013,249,26978810,26979,
2013,Q3,Madera,Food Services and Drinking Places,7/1/2013,249,28279059,28279,
2013,Q4,Madera,Food Services and Drinking Places,1/1/2014,256,25802466,25802,
2014,Q1,Madera,Food Services and Drinking Places,1/1/2014,256,25698420,25698,
2014,Q2,Madera,Food Services and Drinking Places,7/1/2014,267,29553219,29553,
2014,Q3,Madera,Food Services and Drinking Places,7/1/2014,267,30540298,30540,
2014,Q4,Madera,Food Services and Drinking Places,1/1/2015,262,28253801,28254,
2009,Q1,Madera,Gasoline Stations,1/1/2009,58,36022507,36023,
2009,Q2,Madera,Gasoline Stations,7/1/2009,54,44084447,44084,
2009,Q3,Madera,Gasoline Stations,7/1/2009,54,51194268,51194,
2009,Q4,Madera,Gasoline Stations,1/1/2010,53,45036119,45036,
2010,Q1,Madera,Gasoline Stations,1/1/2010,53,43274362,43274,
2010,Q2,Madera,Gasoline Stations,7/1/2010,51,54438645,54439,
2010,Q3,Madera,Gasoline Stations,7/1/2010,51,60441897,60442,
2010,Q4,Madera,Gasoline Stations,1/1/2011,51,55818945,55819,
2011,Q1,Madera,Gasoline Stations,1/1/2011,51,60415914,60416,
2011,Q2,Madera,Gasoline Stations,7/1/2011,56,74998477,74998,
2011,Q3,Madera,Gasoline Stations,7/1/2011,56,75303588,75304,
2011,Q4,Madera,Gasoline Stations,1/1/2012,56,67102159,67102,
2012,Q1,Madera,Gasoline Stations,1/1/2012,56,65961505,65962,
2012,Q2,Madera,Gasoline Stations,7/1/2012,57,75001469,75001,
2012,Q3,Madera,Gasoline Stations,7/1/2012,57,75218022,75218,
2012,Q4,Madera,Gasoline Stations,1/1/2013,58,66663978,66664,
2013,Q1,Madera,Gasoline Stations,1/1/2013,58,63277141,63277,
2013,Q2,Madera,Gasoline Stations,7/1/2013,58,68166738,68167,
2013,Q3,Madera,Gasoline Stations,7/1/2013,58,72085786,72086,
2013,Q4,Madera,Gasoline Stations,1/1/2014,54,63912095,63912,
2014,Q1,Madera,Gasoline Stations,1/1/2014,54,62637556,62638,
2014,Q2,Madera,Gasoline Stations,7/1/2014,55,73346041,73346,
2014,Q3,Madera,Gasoline Stations,7/1/2014,55,74997157,74997,
2014,Q4,Madera,Gasoline Stations,1/1/2015,57,58496641,58497,
2009,Q1,Madera,General Merchandise Stores,1/1/2009,36,,0,
2009,Q2,Madera,General Merchandise Stores,7/1/2009,37,,0,
2009,Q3,Madera,General Merchandise Stores,7/1/2009,37,,0,
2009,Q4,Madera,General Merchandise Stores,1/1/2010,41,,0,
2010,Q1,Madera,General Merchandise Stores,1/1/2010,41,,0,
2010,Q2,Madera,General Merchandise Stores,7/1/2010,47,,0,
2010,Q3,Madera,General Merchandise Stores,7/1/2010,47,,0,
2010,Q4,Madera,General Merchandise Stores,1/1/2011,46,,0,
2011,Q1,Madera,General Merchandise Stores,1/1/2011,46,,0,
2011,Q2,Madera,General Merchandise Stores,7/1/2011,46,,0,
2011,Q3,Madera,General Merchandise Stores,7/1/2011,46,,0,
2011,Q4,Madera,General Merchandise Stores,1/1/2012,51,,0,
2012,Q1,Madera,General Merchandise Stores,1/1/2012,51,,0,
2012,Q2,Madera,General Merchandise Stores,7/1/2012,56,,0,
2012,Q3,Madera,General Merchandise Stores,7/1/2012,56,,0,
2012,Q4,Madera,General Merchandise Stores,1/1/2013,45,,0,
2013,Q1,Madera,General Merchandise Stores,1/1/2013,45,16751677,16752,
2013,Q2,Madera,General Merchandise Stores,7/1/2013,48,17628002,17628,
2013,Q3,Madera,General Merchandise Stores,7/1/2013,48,17175222,17175,
2013,Q4,Madera,General Merchandise Stores,1/1/2014,48,20236259,20236,
2014,Q1,Madera,General Merchandise Stores,1/1/2014,48,16899265,16899,
2014,Q2,Madera,General Merchandise Stores,7/1/2014,43,18154589,18155,
2014,Q3,Madera,General Merchandise Stores,7/1/2014,43,17739802,17740,
2014,Q4,Madera,General Merchandise Stores,1/1/2015,42,20695287,20695,
2009,Q1,Madera,Motor Vehicle and Parts Dealers,1/1/2009,160,29715572,29716,
2009,Q2,Madera,Motor Vehicle and Parts Dealers,7/1/2009,163,28420789,28421,
2009,Q3,Madera,Motor Vehicle and Parts Dealers,7/1/2009,163,32622638,32623,
2009,Q4,Madera,Motor Vehicle and Parts Dealers,1/1/2010,160,25895853,25896,
2010,Q1,Madera,Motor Vehicle and Parts Dealers,1/1/2010,160,28874366,28874,
2010,Q2,Madera,Motor Vehicle and Parts Dealers,7/1/2010,170,30267245,30267,
2010,Q3,Madera,Motor Vehicle and Parts Dealers,7/1/2010,170,32026042,32026,
2010,Q4,Madera,Motor Vehicle and Parts Dealers,1/1/2011,167,29862915,29863,
2011,Q1,Madera,Motor Vehicle and Parts Dealers,1/1/2011,167,31461857,31462,
2011,Q2,Madera,Motor Vehicle and Parts Dealers,7/1/2011,164,32931281,32931,
2011,Q3,Madera,Motor Vehicle and Parts Dealers,7/1/2011,164,36059856,36060,
2011,Q4,Madera,Motor Vehicle and Parts Dealers,1/1/2012,158,32494278,32494,
2012,Q1,Madera,Motor Vehicle and Parts Dealers,1/1/2012,158,34514929,34515,
2012,Q2,Madera,Motor Vehicle and Parts Dealers,7/1/2012,161,37966187,37966,
2012,Q3,Madera,Motor Vehicle and Parts Dealers,7/1/2012,161,36306230,36306,
2012,Q4,Madera,Motor Vehicle and Parts Dealers,1/1/2013,145,34002702,34003,
2013,Q1,Madera,Motor Vehicle and Parts Dealers,1/1/2013,145,36010350,36010,
2013,Q2,Madera,Motor Vehicle and Parts Dealers,7/1/2013,147,42480161,42480,
2013,Q3,Madera,Motor Vehicle and Parts Dealers,7/1/2013,147,43563931,43564,
2013,Q4,Madera,Motor Vehicle and Parts Dealers,1/1/2014,142,38087378,38087,
2014,Q1,Madera,Motor Vehicle and Parts Dealers,1/1/2014,142,41102004,41102,
2014,Q2,Madera,Motor Vehicle and Parts Dealers,7/1/2014,144,44564970,44565,
2014,Q3,Madera,Motor Vehicle and Parts Dealers,7/1/2014,144,46237661,46238,
2014,Q4,Madera,Motor Vehicle and Parts Dealers,1/1/2015,139,42266982,42267,
2009,Q1,Madera,Other Retail Group,1/1/2009,1011,34201924,34202,
2009,Q2,Madera,Other Retail Group,7/1/2009,1009,35145505,35146,
2009,Q3,Madera,Other Retail Group,7/1/2009,1009,32834426,32834,
2009,Q4,Madera,Other Retail Group,1/1/2010,952,36811897,36812,
2010,Q1,Madera,Other Retail Group,1/1/2010,952,32033875,32034,
2010,Q2,Madera,Other Retail Group,7/1/2010,991,33395020,33395,
2010,Q3,Madera,Other Retail Group,7/1/2010,991,33537943,33538,
2010,Q4,Madera,Other Retail Group,1/1/2011,939,38163412,38163,
2011,Q1,Madera,Other Retail Group,1/1/2011,939,32222842,32223,
2011,Q2,Madera,Other Retail Group,7/1/2011,948,32189115,32189,
2011,Q3,Madera,Other Retail Group,7/1/2011,948,33338667,33339,
2011,Q4,Madera,Other Retail Group,1/1/2012,880,38796987,38797,220812
2012,Q1,Madera,Other Retail Group,1/1/2012,880,33697629,33698,
2012,Q2,Madera,Other Retail Group,7/1/2012,890,34340561,34341,
2012,Q3,Madera,Other Retail Group,7/1/2012,890,36000986,36001,
2012,Q4,Madera,Other Retail Group,1/1/2013,860,41711456,41711,
2013,Q1,Madera,Other Retail Group,1/1/2013,860,21333598,21334,
2013,Q2,Madera,Other Retail Group,7/1/2013,934,22009885,22010,
2013,Q3,Madera,Other Retail Group,7/1/2013,934,22564043,22564,
2013,Q4,Madera,Other Retail Group,1/1/2014,967,24037680,24038,
2014,Q1,Madera,Other Retail Group,1/1/2014,967,21168485,21168,
2014,Q2,Madera,Other Retail Group,7/1/2014,991,22711381,22711,
2014,Q3,Madera,Other Retail Group,7/1/2014,991,22305490,22305,
2014,Q4,Madera,Other Retail Group,1/1/2015,1029,24199814,24200,
