Calendar Year,Quarter,,County,Business Type,Permit Date,Number of Permits,Taxable Transactions Amount,,,
2009,Q1,2009-Q1,Mariposa,Clothing and Clothing Accessories Stores,1/1/2009,18,218451,,9206183,9206
2009,Q2,2009-Q2,Mariposa,Clothing and Clothing Accessories Stores,7/1/2009,15,310697,,13847169,13847
2009,Q3,2009-Q3,Mariposa,Clothing and Clothing Accessories Stores,7/1/2009,15,246508,,16020570,16021
2009,Q4,2009-Q4,Mariposa,Clothing and Clothing Accessories Stores,1/1/2010,15,350983,,11806916,11807
2010,Q1,2010-Q1,Mariposa,Clothing and Clothing Accessories Stores,1/1/2010,15,220585,,9907919,9908
2010,Q2,2010-Q2,Mariposa,Clothing and Clothing Accessories Stores,7/1/2010,18,258425,,15331274,15331
2010,Q3,2010-Q3,Mariposa,Clothing and Clothing Accessories Stores,7/1/2010,18,269820,,17088666,17089
2010,Q4,2010-Q4,Mariposa,Clothing and Clothing Accessories Stores,1/1/2011,23,353663,,12780132,12780
2011,Q1,2011-Q1,Mariposa,Clothing and Clothing Accessories Stores,1/1/2011,23,226061,,10681850,10682
2011,Q2,2011-Q2,Mariposa,Clothing and Clothing Accessories Stores,7/1/2011,27,287733,,16595603,16596
2011,Q3,2011-Q3,Mariposa,Clothing and Clothing Accessories Stores,7/1/2011,27,275586,,18709827,18710
2011,Q4,2011-Q4,Mariposa,Clothing and Clothing Accessories Stores,1/1/2012,24,342087,,13721846,13722
2012,Q1,2012-Q1,Mariposa,Clothing and Clothing Accessories Stores,1/1/2012,24,221055,,11450639,11451
2012,Q2,2012-Q2,Mariposa,Clothing and Clothing Accessories Stores,7/1/2012,29,268884,,16125113,16125
2012,Q3,2012-Q3,Mariposa,Clothing and Clothing Accessories Stores,7/1/2012,29,248811,,17242919,17243
2012,Q4,2012-Q4,Mariposa,Clothing and Clothing Accessories Stores,1/1/2013,24,452678,,14267484,14267
2013,Q1,2013-Q1,Mariposa,Clothing and Clothing Accessories Stores,1/1/2013,24,297619,,11902594,11903
2013,Q2,2013-Q2,Mariposa,Clothing and Clothing Accessories Stores,7/1/2013,27,400033,,16801258,16801
2013,Q3,2013-Q3,Mariposa,Clothing and Clothing Accessories Stores,7/1/2013,27,380760,,18152249,18152
2013,Q4,2013-Q4,Mariposa,Clothing and Clothing Accessories Stores,1/1/2014,27,486282,,14043551,14044
2014,Q1,2014-Q1,Mariposa,Clothing and Clothing Accessories Stores,1/1/2014,27,310701,,12453126,12453
2014,Q2,2014-Q2,Mariposa,Clothing and Clothing Accessories Stores,7/1/2014,28,432981,,17444405,17444
2014,Q3,2014-Q3,Mariposa,Clothing and Clothing Accessories Stores,7/1/2014,28,385513,,18934287,18934
2014,Q4,2014-Q4,Mariposa,Clothing and Clothing Accessories Stores,1/1/2015,26,503574,,15279788,15280
2009,Q1,2009-Q1,Mariposa,Food and Beverage Stores,1/1/2009,31,2694682,2694.682,,
2009,Q2,2009-Q2,Mariposa,Food and Beverage Stores,7/1/2009,28,3664930,3664.93,,
2009,Q3,2009-Q3,Mariposa,Food and Beverage Stores,7/1/2009,28,4243064,4243.064,,
2009,Q4,2009-Q4,Mariposa,Food and Beverage Stores,1/1/2010,24,3344518,3344.518,,
2010,Q1,2010-Q1,Mariposa,Food and Beverage Stores,1/1/2010,24,3031055,3031.055,,
2010,Q2,2010-Q2,Mariposa,Food and Beverage Stores,7/1/2010,29,3918088,3918.088,,
2010,Q3,2010-Q3,Mariposa,Food and Beverage Stores,7/1/2010,29,4321407,4321.407,,
2010,Q4,2010-Q4,Mariposa,Food and Beverage Stores,1/1/2011,27,3369993,3369.993,,
2011,Q1,2011-Q1,Mariposa,Food and Beverage Stores,1/1/2011,27,3034536,3034.536,,
2011,Q2,2011-Q2,Mariposa,Food and Beverage Stores,7/1/2011,37,3938316,3938.316,,
2011,Q3,2011-Q3,Mariposa,Food and Beverage Stores,7/1/2011,37,4508240,4508.24,,
2011,Q4,2011-Q4,Mariposa,Food and Beverage Stores,1/1/2012,37,3619162,3619.162,,
2012,Q1,2012-Q1,Mariposa,Food and Beverage Stores,1/1/2012,37,3358613,3358.613,,
2012,Q2,2012-Q2,Mariposa,Food and Beverage Stores,7/1/2012,35,4209636,4209.636,,
2012,Q3,2012-Q3,Mariposa,Food and Beverage Stores,7/1/2012,35,4461968,4461.968,,
2012,Q4,2012-Q4,Mariposa,Food and Beverage Stores,1/1/2013,28,3612769,3612.769,,
2013,Q1,2013-Q1,Mariposa,Food and Beverage Stores,1/1/2013,28,3458728,3458.728,,
2013,Q2,2013-Q2,Mariposa,Food and Beverage Stores,7/1/2013,29,4299244,4299.244,,
2013,Q3,2013-Q3,Mariposa,Food and Beverage Stores,7/1/2013,29,4656981,4656.981,,
2013,Q4,2013-Q4,Mariposa,Food and Beverage Stores,1/1/2014,29,3653675,3653.675,,
2014,Q1,2014-Q1,Mariposa,Food and Beverage Stores,1/1/2014,29,3461166,3461.166,,
2014,Q2,2014-Q2,Mariposa,Food and Beverage Stores,7/1/2014,27,4274587,4274.587,,
2014,Q3,2014-Q3,Mariposa,Food and Beverage Stores,7/1/2014,27,4395803,4395.803,,
2014,Q4,2014-Q4,Mariposa,Food and Beverage Stores,1/1/2015,28,3526087,3526.087,,
2009,Q1,2009-Q1,Mariposa,Food Services and Drinking Places,1/1/2009,40,1759229,1759.229,,
2009,Q2,2009-Q2,Mariposa,Food Services and Drinking Places,7/1/2009,42,3706985,3706.985,,
2009,Q3,2009-Q3,Mariposa,Food Services and Drinking Places,7/1/2009,42,4632163,4632.163,,
2009,Q4,2009-Q4,Mariposa,Food Services and Drinking Places,1/1/2010,42,2271212,2271.212,,
2010,Q1,2010-Q1,Mariposa,Food Services and Drinking Places,1/1/2010,42,1803687,1803.687,,
2010,Q2,2010-Q2,Mariposa,Food Services and Drinking Places,7/1/2010,42,4020770,4020.77,,
2010,Q3,2010-Q3,Mariposa,Food Services and Drinking Places,7/1/2010,42,5283184,5283.184,,
2010,Q4,2010-Q4,Mariposa,Food Services and Drinking Places,1/1/2011,47,2542122,2542.122,,
2011,Q1,2011-Q1,Mariposa,Food Services and Drinking Places,1/1/2011,47,1873919,1873.919,,
2011,Q2,2011-Q2,Mariposa,Food Services and Drinking Places,7/1/2011,51,4456697,4456.697,,
2011,Q3,2011-Q3,Mariposa,Food Services and Drinking Places,7/1/2011,51,5646456,5646.456,,
2011,Q4,2011-Q4,Mariposa,Food Services and Drinking Places,1/1/2012,48,2858444,2858.444,,
2012,Q1,2012-Q1,Mariposa,Food Services and Drinking Places,1/1/2012,48,2171747,2171.747,,
2012,Q2,2012-Q2,Mariposa,Food Services and Drinking Places,7/1/2012,50,4059651,4059.651,,
2012,Q3,2012-Q3,Mariposa,Food Services and Drinking Places,7/1/2012,50,5177282,5177.282,,
2012,Q4,2012-Q4,Mariposa,Food Services and Drinking Places,1/1/2013,50,2735595,2735.595,,
2013,Q1,2013-Q1,Mariposa,Food Services and Drinking Places,1/1/2013,50,2139775,2139.775,,
2013,Q2,2013-Q2,Mariposa,Food Services and Drinking Places,7/1/2013,53,4385946,4385.946,,
2013,Q3,2013-Q3,Mariposa,Food Services and Drinking Places,7/1/2013,53,5496966,5496.966,,
2013,Q4,2013-Q4,Mariposa,Food Services and Drinking Places,1/1/2014,50,2815448,2815.448,,
2014,Q1,2014-Q1,Mariposa,Food Services and Drinking Places,1/1/2014,50,2463476,2463.476,,
2014,Q2,2014-Q2,Mariposa,Food Services and Drinking Places,7/1/2014,51,4642440,4642.44,,
2014,Q3,2014-Q3,Mariposa,Food Services and Drinking Places,7/1/2014,51,6129350,6129.35,,
2014,Q4,2014-Q4,Mariposa,Food Services and Drinking Places,1/1/2015,49,3869761,3869.761,,
2009,Q1,2009-Q1,Mariposa,Gasoline Stations,1/1/2009,11,1368451,1368.451,1368.451,
2009,Q2,2009-Q2,Mariposa,Gasoline Stations,7/1/2009,11,2327024,2327.024,2327.024,
2009,Q3,2009-Q3,Mariposa,Gasoline Stations,7/1/2009,11,3220211,3220.211,3220.211,
2009,Q4,2009-Q4,Mariposa,Gasoline Stations,1/1/2010,10,2227118,2227.118,2227.118,
2010,Q1,2010-Q1,Mariposa,Gasoline Stations,1/1/2010,10,2004475,2004.475,2004.475,
2010,Q2,2010-Q2,Mariposa,Gasoline Stations,7/1/2010,11,3124213,3124.213,3124.213,
2010,Q3,2010-Q3,Mariposa,Gasoline Stations,7/1/2010,11,3882685,3882.685,3882.685,
2010,Q4,2010-Q4,Mariposa,Gasoline Stations,1/1/2011,10,2826898,2826.898,2826.898,
2011,Q1,2011-Q1,Mariposa,Gasoline Stations,1/1/2011,10,2741965,2741.965,2741.965,
2011,Q2,2011-Q2,Mariposa,Gasoline Stations,7/1/2011,11,4331085,4331.085,4331.085,
2011,Q3,2011-Q3,Mariposa,Gasoline Stations,7/1/2011,11,4589910,4589.91,4589.91,
2011,Q4,2011-Q4,Mariposa,Gasoline Stations,1/1/2012,10,3065975,3065.975,3065.975,
2012,Q1,2012-Q1,Mariposa,Gasoline Stations,1/1/2012,10,2841696,2841.696,2841.696,
2012,Q2,2012-Q2,Mariposa,Gasoline Stations,7/1/2012,10,3842430,3842.43,3842.43,
2012,Q3,2012-Q3,Mariposa,Gasoline Stations,7/1/2012,10,3750907,3750.907,3750.907,
2012,Q4,2012-Q4,Mariposa,Gasoline Stations,1/1/2013,11,2873390,2873.39,2873.39,
2013,Q1,2013-Q1,Mariposa,Gasoline Stations,1/1/2013,11,2633267,2633.267,2633.267,
2013,Q2,2013-Q2,Mariposa,Gasoline Stations,7/1/2013,10,3558781,3558.781,3558.781,
2013,Q3,2013-Q3,Mariposa,Gasoline Stations,7/1/2013,10,3927105,3927.105,3927.105,
2013,Q4,2013-Q4,Mariposa,Gasoline Stations,1/1/2014,9,2803062,2803.062,2803.062,
2014,Q1,2014-Q1,Mariposa,Gasoline Stations,1/1/2014,9,2590538,2590.538,2590.538,
2014,Q2,2014-Q2,Mariposa,Gasoline Stations,7/1/2014,9,3829762,3829.762,3829.762,
2014,Q3,2014-Q3,Mariposa,Gasoline Stations,7/1/2014,9,3921111,3921.111,3921.111,
2014,Q4,2014-Q4,Mariposa,Gasoline Stations,1/1/2015,9,2672305,2672.305,2672.305,
2009,Q1,2009-Q1,Mariposa,General Merchandise Stores,1/1/2009,2,,0,0,
2009,Q2,2009-Q2,Mariposa,General Merchandise Stores,7/1/2009,2,,0,0,
2009,Q3,2009-Q3,Mariposa,General Merchandise Stores,7/1/2009,2,,0,0,
2009,Q4,2009-Q4,Mariposa,General Merchandise Stores,1/1/2010,1,,0,0,
2010,Q1,2010-Q1,Mariposa,General Merchandise Stores,1/1/2010,1,,0,0,
2010,Q2,2010-Q2,Mariposa,General Merchandise Stores,7/1/2010,1,,0,0,
2010,Q3,2010-Q3,Mariposa,General Merchandise Stores,7/1/2010,1,,0,0,
2010,Q4,2010-Q4,Mariposa,General Merchandise Stores,1/1/2011,1,,0,0,
2011,Q1,2011-Q1,Mariposa,General Merchandise Stores,1/1/2011,1,,0,0,
2011,Q2,2011-Q2,Mariposa,General Merchandise Stores,7/1/2011,1,,0,0,
2011,Q3,2011-Q3,Mariposa,General Merchandise Stores,7/1/2011,1,,0,0,
2011,Q4,2011-Q4,Mariposa,General Merchandise Stores,1/1/2012,2,,0,0,
2012,Q1,2012-Q1,Mariposa,General Merchandise Stores,1/1/2012,2,,0,0,
2012,Q2,2012-Q2,Mariposa,General Merchandise Stores,7/1/2012,4,194651,194.651,194.651,
2012,Q3,2012-Q3,Mariposa,General Merchandise Stores,7/1/2012,4,155759,155.759,155.759,
2012,Q4,2012-Q4,Mariposa,General Merchandise Stores,1/1/2013,4,223365,223.365,223.365,
2013,Q1,2013-Q1,Mariposa,General Merchandise Stores,1/1/2013,4,160181,160.181,160.181,
2013,Q2,2013-Q2,Mariposa,General Merchandise Stores,7/1/2013,4,192135,192.135,192.135,
2013,Q3,2013-Q3,Mariposa,General Merchandise Stores,7/1/2013,4,157086,157.086,157.086,
2013,Q4,2013-Q4,Mariposa,General Merchandise Stores,1/1/2014,4,230699,230.699,230.699,
2014,Q1,2014-Q1,Mariposa,General Merchandise Stores,1/1/2014,4,182823,182.823,182.823,
2014,Q2,2014-Q2,Mariposa,General Merchandise Stores,7/1/2014,4,197961,197.961,197.961,
2014,Q3,2014-Q3,Mariposa,General Merchandise Stores,7/1/2014,4,163180,163.18,163.18,
2014,Q4,2014-Q4,Mariposa,General Merchandise Stores,1/1/2015,4,256545,256.545,256.545,
2009,Q1,2009-Q1,Mariposa,Motor Vehicle and Parts Dealers,1/1/2009,22,718082,718.082,718.082,
2009,Q2,2009-Q2,Mariposa,Motor Vehicle and Parts Dealers,7/1/2009,20,667658,667.658,667.658,
2009,Q3,2009-Q3,Mariposa,Motor Vehicle and Parts Dealers,7/1/2009,20,674499,674.499,674.499,
2009,Q4,2009-Q4,Mariposa,Motor Vehicle and Parts Dealers,1/1/2010,20,631481,631.481,631.481,
2010,Q1,2010-Q1,Mariposa,Motor Vehicle and Parts Dealers,1/1/2010,20,606686,606.686,606.686,
2010,Q2,2010-Q2,Mariposa,Motor Vehicle and Parts Dealers,7/1/2010,20,706333,706.333,706.333,
2010,Q3,2010-Q3,Mariposa,Motor Vehicle and Parts Dealers,7/1/2010,20,627582,627.582,627.582,
2010,Q4,2010-Q4,Mariposa,Motor Vehicle and Parts Dealers,1/1/2011,22,615240,615.24,615.24,
2011,Q1,2011-Q1,Mariposa,Motor Vehicle and Parts Dealers,1/1/2011,22,580813,580.813,580.813,
2011,Q2,2011-Q2,Mariposa,Motor Vehicle and Parts Dealers,7/1/2011,22,565425,565.425,565.425,
2011,Q3,2011-Q3,Mariposa,Motor Vehicle and Parts Dealers,7/1/2011,22,699462,699.462,699.462,
2011,Q4,2011-Q4,Mariposa,Motor Vehicle and Parts Dealers,1/1/2012,21,634294,634.294,634.294,
2012,Q1,2012-Q1,Mariposa,Motor Vehicle and Parts Dealers,1/1/2012,21,552082,552.082,552.082,
2012,Q2,2012-Q2,Mariposa,Motor Vehicle and Parts Dealers,7/1/2012,21,671494,671.494,671.494,
2012,Q3,2012-Q3,Mariposa,Motor Vehicle and Parts Dealers,7/1/2012,21,724777,724.777,724.777,
2012,Q4,2012-Q4,Mariposa,Motor Vehicle and Parts Dealers,1/1/2013,21,669406,669.406,669.406,
2013,Q1,2013-Q1,Mariposa,Motor Vehicle and Parts Dealers,1/1/2013,21,540236,540.236,540.236,
2013,Q2,2013-Q2,Mariposa,Motor Vehicle and Parts Dealers,7/1/2013,20,774743,774.743,774.743,
2013,Q3,2013-Q3,Mariposa,Motor Vehicle and Parts Dealers,7/1/2013,20,633169,633.169,633.169,
2013,Q4,2013-Q4,Mariposa,Motor Vehicle and Parts Dealers,1/1/2014,19,664839,664.839,664.839,
2014,Q1,2014-Q1,Mariposa,Motor Vehicle and Parts Dealers,1/1/2014,19,624008,624.008,624.008,
2014,Q2,2014-Q2,Mariposa,Motor Vehicle and Parts Dealers,7/1/2014,18,669673,669.673,669.673,
2014,Q3,2014-Q3,Mariposa,Motor Vehicle and Parts Dealers,7/1/2014,18,721852,721.852,721.852,
2014,Q4,2014-Q4,Mariposa,Motor Vehicle and Parts Dealers,1/1/2015,17,844147,844.147,844.147,
2009,Q1,2009-Q1,Mariposa,Other Retail Group,1/1/2009,292,2447288,2447.288,2447.288,
2009,Q2,2009-Q2,Mariposa,Other Retail Group,7/1/2009,281,3169875,3169.875,3169.875,
2009,Q3,2009-Q3,Mariposa,Other Retail Group,7/1/2009,281,3004125,3004.125,3004.125,
2009,Q4,2009-Q4,Mariposa,Other Retail Group,1/1/2010,259,2981604,2981.604,2981.604,
2010,Q1,2010-Q1,Mariposa,Other Retail Group,1/1/2010,259,2241431,2241.431,2241.431,
2010,Q2,2010-Q2,Mariposa,Other Retail Group,7/1/2010,274,3303445,3303.445,3303.445,
2010,Q3,2010-Q3,Mariposa,Other Retail Group,7/1/2010,274,2703988,2703.988,2703.988,
2010,Q4,2010-Q4,Mariposa,Other Retail Group,1/1/2011,262,3072216,3072.216,3072.216,
2011,Q1,2011-Q1,Mariposa,Other Retail Group,1/1/2011,262,2224556,2224.556,2224.556,
2011,Q2,2011-Q2,Mariposa,Other Retail Group,7/1/2011,246,3016347,3016.347,3016.347,
2011,Q3,2011-Q3,Mariposa,Other Retail Group,7/1/2011,246,2990173,2990.173,2990.173,
2011,Q4,2011-Q4,Mariposa,Other Retail Group,1/1/2012,236,3201884,3201.884,3201.884,
2012,Q1,2012-Q1,Mariposa,Other Retail Group,1/1/2012,236,2305446,2305.446,2305.446,
2012,Q2,2012-Q2,Mariposa,Other Retail Group,7/1/2012,248,2878367,2878.367,2878.367,
2012,Q3,2012-Q3,Mariposa,Other Retail Group,7/1/2012,248,2723415,2723.415,2723.415,
2012,Q4,2012-Q4,Mariposa,Other Retail Group,1/1/2013,237,3700281,3700.281,3700.281,
2013,Q1,2013-Q1,Mariposa,Other Retail Group,1/1/2013,237,2672788,2672.788,2672.788,
2013,Q2,2013-Q2,Mariposa,Other Retail Group,7/1/2013,254,3190376,3190.376,3190.376,
2013,Q3,2013-Q3,Mariposa,Other Retail Group,7/1/2013,254,2900182,2900.182,2900.182,
2013,Q4,2013-Q4,Mariposa,Other Retail Group,1/1/2014,263,3389546,3389.546,3389.546,
2014,Q1,2014-Q1,Mariposa,Other Retail Group,1/1/2014,263,2820414,2820.414,2820.414,
2014,Q2,2014-Q2,Mariposa,Other Retail Group,7/1/2014,270,3397001,3397.001,3397.001,
2014,Q3,2014-Q3,Mariposa,Other Retail Group,7/1/2014,270,3217478,3217.478,3217.478,
2014,Q4,2014-Q4,Mariposa,Other Retail Group,1/1/2015,268,3607369,3607.369,3607.369,
Taxable Sales - Small Counties,,,,,,,,0,0,
