Calendar Year,Quarter,,County,Business Type,Permit Date,Number of Permits,Taxable Transactions Amount,,
2009,Q1,2009-Q1,Mono,Clothing and Clothing Accessories Stores,1/1/2009,29,3014780,,32499
2009,Q2,2009-Q2,Mono,Clothing and Clothing Accessories Stores,7/1/2009,28,2104263,,26987
2009,Q3,2009-Q3,Mono,Clothing and Clothing Accessories Stores,7/1/2009,28,3583948,,39936
2009,Q4,2009-Q4,Mono,Clothing and Clothing Accessories Stores,1/1/2010,23,2634055,,26713
2010,Q1,2010-Q1,Mono,Clothing and Clothing Accessories Stores,1/1/2010,23,2817906,,34669
2010,Q2,2010-Q2,Mono,Clothing and Clothing Accessories Stores,7/1/2010,25,2205435,,27420
2010,Q3,2010-Q3,Mono,Clothing and Clothing Accessories Stores,7/1/2010,25,3506898,,42142
2010,Q4,2010-Q4,Mono,Clothing and Clothing Accessories Stores,1/1/2011,22,2857983,,29992
2011,Q1,2011-Q1,Mono,Clothing and Clothing Accessories Stores,1/1/2011,22,2463435,,35713
2011,Q2,2011-Q2,Mono,Clothing and Clothing Accessories Stores,7/1/2011,22,2224558,,29158
2011,Q3,2011-Q3,Mono,Clothing and Clothing Accessories Stores,7/1/2011,22,3695833,,46489
2011,Q4,2011-Q4,Mono,Clothing and Clothing Accessories Stores,1/1/2012,25,3041466,,33632
2012,Q1,2012-Q1,Mono,Clothing and Clothing Accessories Stores,1/1/2012,25,2249532,,36604
2012,Q2,2012-Q2,Mono,Clothing and Clothing Accessories Stores,7/1/2012,26,2189869,,32316
2012,Q3,2012-Q3,Mono,Clothing and Clothing Accessories Stores,7/1/2012,26,3708110,,46970
2012,Q4,2012-Q4,Mono,Clothing and Clothing Accessories Stores,1/1/2013,28,2780166,,33867
2013,Q1,2013-Q1,Mono,Clothing and Clothing Accessories Stores,1/1/2013,28,3000070,,42052
2013,Q2,2013-Q2,Mono,Clothing and Clothing Accessories Stores,7/1/2013,28,2189515,,31018
2013,Q3,2013-Q3,Mono,Clothing and Clothing Accessories Stores,7/1/2013,28,3567046,,45993
2013,Q4,2013-Q4,Mono,Clothing and Clothing Accessories Stores,1/1/2014,32,4183935,,31972
2014,Q1,2014-Q1,Mono,Clothing and Clothing Accessories Stores,1/1/2014,32,2819683,,31025
2014,Q2,2014-Q2,Mono,Clothing and Clothing Accessories Stores,7/1/2014,31,2948384,,32208
2014,Q3,2014-Q3,Mono,Clothing and Clothing Accessories Stores,7/1/2014,31,4069167,,48540
2014,Q4,2014-Q4,Mono,Clothing and Clothing Accessories Stores,1/1/2015,34,2989958,,31981
2009,Q1,2009-Q1,Mono,Food and Beverage Stores,1/1/2009,22,3807897,3807.897,
2009,Q2,2009-Q2,Mono,Food and Beverage Stores,7/1/2009,22,3448431,3448.431,
2009,Q3,2009-Q3,Mono,Food and Beverage Stores,7/1/2009,22,5072582,5072.582,
2009,Q4,2009-Q4,Mono,Food and Beverage Stores,1/1/2010,20,3947858,3947.858,
2010,Q1,2010-Q1,Mono,Food and Beverage Stores,1/1/2010,20,3717592,3717.592,
2010,Q2,2010-Q2,Mono,Food and Beverage Stores,7/1/2010,20,3369846,3369.846,
2010,Q3,2010-Q3,Mono,Food and Beverage Stores,7/1/2010,20,5066888,5066.888,
2010,Q4,2010-Q4,Mono,Food and Beverage Stores,1/1/2011,24,4044696,4044.696,
2011,Q1,2011-Q1,Mono,Food and Beverage Stores,1/1/2011,24,3748218,3748.218,
2011,Q2,2011-Q2,Mono,Food and Beverage Stores,7/1/2011,25,3378058,3378.058,
2011,Q3,2011-Q3,Mono,Food and Beverage Stores,7/1/2011,25,5541692,5541.692,
2011,Q4,2011-Q4,Mono,Food and Beverage Stores,1/1/2012,25,4185935,4185.935,
2012,Q1,2012-Q1,Mono,Food and Beverage Stores,1/1/2012,25,3449204,3449.204,
2012,Q2,2012-Q2,Mono,Food and Beverage Stores,7/1/2012,25,3534003,3534.003,
2012,Q3,2012-Q3,Mono,Food and Beverage Stores,7/1/2012,25,5531861,5531.861,
2012,Q4,2012-Q4,Mono,Food and Beverage Stores,1/1/2013,25,4185728,4185.728,
2013,Q1,2013-Q1,Mono,Food and Beverage Stores,1/1/2013,25,4032773,4032.773,
2013,Q2,2013-Q2,Mono,Food and Beverage Stores,7/1/2013,25,3828908,3828.908,
2013,Q3,2013-Q3,Mono,Food and Beverage Stores,7/1/2013,25,5535787,5535.787,
2013,Q4,2013-Q4,Mono,Food and Beverage Stores,1/1/2014,23,4058459,4058.459,
2014,Q1,2014-Q1,Mono,Food and Beverage Stores,1/1/2014,23,3859265,3859.265,
2014,Q2,2014-Q2,Mono,Food and Beverage Stores,7/1/2014,23,3844759,3844.759,
2014,Q3,2014-Q3,Mono,Food and Beverage Stores,7/1/2014,23,5703192,5703.192,
2014,Q4,2014-Q4,Mono,Food and Beverage Stores,1/1/2015,24,4719711,4719.711,
2009,Q1,2009-Q1,Mono,Food Services and Drinking Places,1/1/2009,87,12769443,12769.443,
2009,Q2,2009-Q2,Mono,Food Services and Drinking Places,7/1/2009,85,8618995,8618.995,
2009,Q3,2009-Q3,Mono,Food Services and Drinking Places,7/1/2009,85,12576135,12576.135,
2009,Q4,2009-Q4,Mono,Food Services and Drinking Places,1/1/2010,85,7982778,7982.778,
2010,Q1,2010-Q1,Mono,Food Services and Drinking Places,1/1/2010,85,13585374,13585.374,
2010,Q2,2010-Q2,Mono,Food Services and Drinking Places,7/1/2010,85,8489701,8489.701,
2010,Q3,2010-Q3,Mono,Food Services and Drinking Places,7/1/2010,85,12712739,12712.739,
2010,Q4,2010-Q4,Mono,Food Services and Drinking Places,1/1/2011,81,8330492,8330.492,
2011,Q1,2011-Q1,Mono,Food Services and Drinking Places,1/1/2011,81,13791595,13791.595,
2011,Q2,2011-Q2,Mono,Food Services and Drinking Places,7/1/2011,83,9234573,9234.573,
2011,Q3,2011-Q3,Mono,Food Services and Drinking Places,7/1/2011,83,14468315,14468.315,
2011,Q4,2011-Q4,Mono,Food Services and Drinking Places,1/1/2012,86,11659234,11659.234,
2012,Q1,2012-Q1,Mono,Food Services and Drinking Places,1/1/2012,86,17965772,17965.772,
2012,Q2,2012-Q2,Mono,Food Services and Drinking Places,7/1/2012,86,11757596,11757.596,
2012,Q3,2012-Q3,Mono,Food Services and Drinking Places,7/1/2012,86,16547134,16547.134,
2012,Q4,2012-Q4,Mono,Food Services and Drinking Places,1/1/2013,86,12505241,12505.241,
2013,Q1,2013-Q1,Mono,Food Services and Drinking Places,1/1/2013,86,19953186,19953.186,
2013,Q2,2013-Q2,Mono,Food Services and Drinking Places,7/1/2013,88,9654019,9654.019,
2013,Q3,2013-Q3,Mono,Food Services and Drinking Places,7/1/2013,88,14715862,14715.862,
2013,Q4,2013-Q4,Mono,Food Services and Drinking Places,1/1/2014,88,9233416,9233.416,
2014,Q1,2014-Q1,Mono,Food Services and Drinking Places,1/1/2014,88,11577780,11577.78,
2014,Q2,2014-Q2,Mono,Food Services and Drinking Places,7/1/2014,89,9908238,9908.238,
2014,Q3,2014-Q3,Mono,Food Services and Drinking Places,7/1/2014,89,15601311,15601.311,
2014,Q4,2014-Q4,Mono,Food Services and Drinking Places,1/1/2015,87,9736812,9736.812,
2009,Q1,2009-Q1,Mono,Gasoline Stations,1/1/2009,14,3198008,3198.008,
2009,Q2,2009-Q2,Mono,Gasoline Stations,7/1/2009,13,5538401,5538.401,
2009,Q3,2009-Q3,Mono,Gasoline Stations,7/1/2009,13,10130535,10130.535,
2009,Q4,2009-Q4,Mono,Gasoline Stations,1/1/2010,13,3272884,3272.884,
2010,Q1,2010-Q1,Mono,Gasoline Stations,1/1/2010,13,3979967,3979.967,
2010,Q2,2010-Q2,Mono,Gasoline Stations,7/1/2010,12,5845118,5845.118,
2010,Q3,2010-Q3,Mono,Gasoline Stations,7/1/2010,12,11587332,11587.332,
2010,Q4,2010-Q4,Mono,Gasoline Stations,1/1/2011,13,5050947,5050.947,
2011,Q1,2011-Q1,Mono,Gasoline Stations,1/1/2011,13,4394897,4394.897,
2011,Q2,2011-Q2,Mono,Gasoline Stations,7/1/2011,13,6146250,6146.25,
2011,Q3,2011-Q3,Mono,Gasoline Stations,7/1/2011,13,13141113,13141.113,
2011,Q4,2011-Q4,Mono,Gasoline Stations,1/1/2012,13,5093410,5093.41,
2012,Q1,2012-Q1,Mono,Gasoline Stations,1/1/2012,13,4142122,4142.122,
2012,Q2,2012-Q2,Mono,Gasoline Stations,7/1/2012,13,7838347,7838.347,
2012,Q3,2012-Q3,Mono,Gasoline Stations,7/1/2012,13,12537501,12537.501,
2012,Q4,2012-Q4,Mono,Gasoline Stations,1/1/2013,13,5191419,5191.419,
2013,Q1,2013-Q1,Mono,Gasoline Stations,1/1/2013,13,4316897,4316.897,
2013,Q2,2013-Q2,Mono,Gasoline Stations,7/1/2013,14,7274669,7274.669,
2013,Q3,2013-Q3,Mono,Gasoline Stations,7/1/2013,14,12430289,12430.289,
2013,Q4,2013-Q4,Mono,Gasoline Stations,1/1/2014,14,5327924,5327.924,
2014,Q1,2014-Q1,Mono,Gasoline Stations,1/1/2014,14,4032022,4032.022,
2014,Q2,2014-Q2,Mono,Gasoline Stations,7/1/2014,14,8006971,8006.971,
2014,Q3,2014-Q3,Mono,Gasoline Stations,7/1/2014,14,13331176,13331.176,
2014,Q4,2014-Q4,Mono,Gasoline Stations,1/1/2015,13,5023095,5023.095,
2009,Q1,2009-Q1,Mono,General Merchandise Stores,1/1/2009,8,351197,351.197,
2009,Q2,2009-Q2,Mono,General Merchandise Stores,7/1/2009,9,210756,210.756,
2009,Q3,2009-Q3,Mono,General Merchandise Stores,7/1/2009,9,255701,255.701,
2009,Q4,2009-Q4,Mono,General Merchandise Stores,1/1/2010,12,381738,381.738,
2010,Q1,2010-Q1,Mono,General Merchandise Stores,1/1/2010,12,554858,554.858,
2010,Q2,2010-Q2,Mono,General Merchandise Stores,7/1/2010,12,445409,445.409,
2010,Q3,2010-Q3,Mono,General Merchandise Stores,7/1/2010,12,638214,638.214,
2010,Q4,2010-Q4,Mono,General Merchandise Stores,1/1/2011,12,503933,503.933,
2011,Q1,2011-Q1,Mono,General Merchandise Stores,1/1/2011,12,633721,633.721,
2011,Q2,2011-Q2,Mono,General Merchandise Stores,7/1/2011,13,482014,482.014,
2011,Q3,2011-Q3,Mono,General Merchandise Stores,7/1/2011,13,731573,731.573,
2011,Q4,2011-Q4,Mono,General Merchandise Stores,1/1/2012,14,553476,553.476,
2012,Q1,2012-Q1,Mono,General Merchandise Stores,1/1/2012,14,520713,520.713,
2012,Q2,2012-Q2,Mono,General Merchandise Stores,7/1/2012,15,431503,431.503,
2012,Q3,2012-Q3,Mono,General Merchandise Stores,7/1/2012,15,734001,734.001,
2012,Q4,2012-Q4,Mono,General Merchandise Stores,1/1/2013,16,617890,617.89,
2013,Q1,2013-Q1,Mono,General Merchandise Stores,1/1/2013,16,606844,606.844,
2013,Q2,2013-Q2,Mono,General Merchandise Stores,7/1/2013,16,493557,493.557,
2013,Q3,2013-Q3,Mono,General Merchandise Stores,7/1/2013,16,701384,701.384,
2013,Q4,2013-Q4,Mono,General Merchandise Stores,1/1/2014,16,632115,632.115,
2014,Q1,2014-Q1,Mono,General Merchandise Stores,1/1/2014,16,497894,497.894,
2014,Q2,2014-Q2,Mono,General Merchandise Stores,7/1/2014,15,567308,567.308,
2014,Q3,2014-Q3,Mono,General Merchandise Stores,7/1/2014,15,870412,870.412,
2014,Q4,2014-Q4,Mono,General Merchandise Stores,1/1/2015,16,596425,596.425,
2009,Q1,2009-Q1,Mono,Motor Vehicle and Parts Dealers,1/1/2009,11,431064,431.064,
2009,Q2,2009-Q2,Mono,Motor Vehicle and Parts Dealers,7/1/2009,11,447596,447.596,
2009,Q3,2009-Q3,Mono,Motor Vehicle and Parts Dealers,7/1/2009,11,556450,556.45,
2009,Q4,2009-Q4,Mono,Motor Vehicle and Parts Dealers,1/1/2010,12,532340,532.34,
2010,Q1,2010-Q1,Mono,Motor Vehicle and Parts Dealers,1/1/2010,12,334177,334.177,
2010,Q2,2010-Q2,Mono,Motor Vehicle and Parts Dealers,7/1/2010,11,345865,345.865,
2010,Q3,2010-Q3,Mono,Motor Vehicle and Parts Dealers,7/1/2010,11,439437,439.437,
2010,Q4,2010-Q4,Mono,Motor Vehicle and Parts Dealers,1/1/2011,11,517210,517.21,
2011,Q1,2011-Q1,Mono,Motor Vehicle and Parts Dealers,1/1/2011,11,398470,398.47,
2011,Q2,2011-Q2,Mono,Motor Vehicle and Parts Dealers,7/1/2011,10,319975,319.975,
2011,Q3,2011-Q3,Mono,Motor Vehicle and Parts Dealers,7/1/2011,10,426951,426.951,
2011,Q4,2011-Q4,Mono,Motor Vehicle and Parts Dealers,1/1/2012,12,474324,474.324,
2012,Q1,2012-Q1,Mono,Motor Vehicle and Parts Dealers,1/1/2012,12,256804,256.804,
2012,Q2,2012-Q2,Mono,Motor Vehicle and Parts Dealers,7/1/2012,11,271611,271.611,
2012,Q3,2012-Q3,Mono,Motor Vehicle and Parts Dealers,7/1/2012,11,346755,346.755,
2012,Q4,2012-Q4,Mono,Motor Vehicle and Parts Dealers,1/1/2013,10,392171,392.171,
2013,Q1,2013-Q1,Mono,Motor Vehicle and Parts Dealers,1/1/2013,10,377043,377.043,
2013,Q2,2013-Q2,Mono,Motor Vehicle and Parts Dealers,7/1/2013,10,305694,305.694,
2013,Q3,2013-Q3,Mono,Motor Vehicle and Parts Dealers,7/1/2013,10,423497,423.497,
2013,Q4,2013-Q4,Mono,Motor Vehicle and Parts Dealers,1/1/2014,10,350544,350.544,
2014,Q1,2014-Q1,Mono,Motor Vehicle and Parts Dealers,1/1/2014,10,261912,261.912,
2014,Q2,2014-Q2,Mono,Motor Vehicle and Parts Dealers,7/1/2014,10,327614,327.614,
2014,Q3,2014-Q3,Mono,Motor Vehicle and Parts Dealers,7/1/2014,10,394166,394.166,
2014,Q4,2014-Q4,Mono,Motor Vehicle and Parts Dealers,1/1/2015,9,369171,369.171,
2009,Q1,2009-Q1,Mono,Other Retail Group,1/1/2009,204,8926750,8926.75,
2009,Q2,2009-Q2,Mono,Other Retail Group,7/1/2009,197,6618878,6618.878,
2009,Q3,2009-Q3,Mono,Other Retail Group,7/1/2009,197,7760342,7760.342,
2009,Q4,2009-Q4,Mono,Other Retail Group,1/1/2010,188,7961238,7961.238,
2010,Q1,2010-Q1,Mono,Other Retail Group,1/1/2010,188,9679333,9679.333,
2010,Q2,2010-Q2,Mono,Other Retail Group,7/1/2010,190,6718981,6718.981,
2010,Q3,2010-Q3,Mono,Other Retail Group,7/1/2010,190,8190969,8190.969,
2010,Q4,2010-Q4,Mono,Other Retail Group,1/1/2011,196,8687072,8687.072,
2011,Q1,2011-Q1,Mono,Other Retail Group,1/1/2011,196,10282825,10282.825,
2011,Q2,2011-Q2,Mono,Other Retail Group,7/1/2011,196,7372277,7372.277,
2011,Q3,2011-Q3,Mono,Other Retail Group,7/1/2011,196,8483913,8483.913,
2011,Q4,2011-Q4,Mono,Other Retail Group,1/1/2012,182,8624483,8624.483,
2012,Q1,2012-Q1,Mono,Other Retail Group,1/1/2012,182,8020192,8020.192,
2012,Q2,2012-Q2,Mono,Other Retail Group,7/1/2012,180,6293457,6293.457,
2012,Q3,2012-Q3,Mono,Other Retail Group,7/1/2012,180,7564437,7564.437,
2012,Q4,2012-Q4,Mono,Other Retail Group,1/1/2013,204,8194790,8194.79,
2013,Q1,2013-Q1,Mono,Other Retail Group,1/1/2013,204,9765362,9765.362,
2013,Q2,2013-Q2,Mono,Other Retail Group,7/1/2013,212,7271351,7271.351,
2013,Q3,2013-Q3,Mono,Other Retail Group,7/1/2013,212,8619409,8619.409,
2013,Q4,2013-Q4,Mono,Other Retail Group,1/1/2014,219,8185352,8185.352,
2014,Q1,2014-Q1,Mono,Other Retail Group,1/1/2014,219,7976695,7976.695,
2014,Q2,2014-Q2,Mono,Other Retail Group,7/1/2014,213,6605224,6605.224,
2014,Q3,2014-Q3,Mono,Other Retail Group,7/1/2014,213,8570725,8570.725,
2014,Q4,2014-Q4,Mono,Other Retail Group,1/1/2015,219,8546203,8546.203,
