Calendar Year,Quarter,,County,Business Type,Permit Date,Number of Permits,Taxable Transactions Amount,
2009,Q1,2009-Q1,Tuolumne,Clothing and Clothing Accessories Stores,1/1/2009,84,3200544,73233
2009,Q2,2009-Q2,Tuolumne,Clothing and Clothing Accessories Stores,7/1/2009,83,3643914,81099
2009,Q3,2009-Q3,Tuolumne,Clothing and Clothing Accessories Stores,7/1/2009,83,3787340,83032
2009,Q4,2009-Q4,Tuolumne,Clothing and Clothing Accessories Stores,1/1/2010,80,4803499,83050
2010,Q1,2010-Q1,Tuolumne,Clothing and Clothing Accessories Stores,1/1/2010,80,3651723,73171
2010,Q2,2010-Q2,Tuolumne,Clothing and Clothing Accessories Stores,7/1/2010,83,4219791,82971
2010,Q3,2010-Q3,Tuolumne,Clothing and Clothing Accessories Stores,7/1/2010,83,4128666,86769
2010,Q4,2010-Q4,Tuolumne,Clothing and Clothing Accessories Stores,1/1/2011,81,4683506,90897
2011,Q1,2011-Q1,Tuolumne,Clothing and Clothing Accessories Stores,1/1/2011,81,3047037,79911
2011,Q2,2011-Q2,Tuolumne,Clothing and Clothing Accessories Stores,7/1/2011,81,3673291,88579
2011,Q3,2011-Q3,Tuolumne,Clothing and Clothing Accessories Stores,7/1/2011,81,3677414,94239
2011,Q4,2011-Q4,Tuolumne,Clothing and Clothing Accessories Stores,1/1/2012,82,4576505,94472
2012,Q1,2012-Q1,Tuolumne,Clothing and Clothing Accessories Stores,1/1/2012,82,3247676,83105
2012,Q2,2012-Q2,Tuolumne,Clothing and Clothing Accessories Stores,7/1/2012,97,3840254,92419
2012,Q3,2012-Q3,Tuolumne,Clothing and Clothing Accessories Stores,7/1/2012,97,4051939,98650
2012,Q4,2012-Q4,Tuolumne,Clothing and Clothing Accessories Stores,1/1/2013,89,5198505,100352
2013,Q1,2013-Q1,Tuolumne,Clothing and Clothing Accessories Stores,1/1/2013,89,3818891,89440
2013,Q2,2013-Q2,Tuolumne,Clothing and Clothing Accessories Stores,7/1/2013,101,4071350,100740
2013,Q3,2013-Q3,Tuolumne,Clothing and Clothing Accessories Stores,7/1/2013,101,4029717,103911
2013,Q4,2013-Q4,Tuolumne,Clothing and Clothing Accessories Stores,1/1/2014,90,5266978,104194
2014,Q1,2014-Q1,Tuolumne,Clothing and Clothing Accessories Stores,1/1/2014,90,3714870,88297
2014,Q2,2014-Q2,Tuolumne,Clothing and Clothing Accessories Stores,7/1/2014,90,4291313,101074
2014,Q3,2014-Q3,Tuolumne,Clothing and Clothing Accessories Stores,7/1/2014,90,4168503,106155
2014,Q4,2014-Q4,Tuolumne,Clothing and Clothing Accessories Stores,1/1/2015,89,5569040,105871
2009,Q1,2009-Q1,Tuolumne,Food and Beverage Stores,1/1/2009,37,7932033,
2009,Q2,2009-Q2,Tuolumne,Food and Beverage Stores,7/1/2009,43,9528542,
2009,Q3,2009-Q3,Tuolumne,Food and Beverage Stores,7/1/2009,43,10466432,
2009,Q4,2009-Q4,Tuolumne,Food and Beverage Stores,1/1/2010,45,9400102,
2010,Q1,2010-Q1,Tuolumne,Food and Beverage Stores,1/1/2010,45,8064067,
2010,Q2,2010-Q2,Tuolumne,Food and Beverage Stores,7/1/2010,49,9203534,
2010,Q3,2010-Q3,Tuolumne,Food and Beverage Stores,7/1/2010,49,10649578,
2010,Q4,2010-Q4,Tuolumne,Food and Beverage Stores,1/1/2011,51,9676376,
2011,Q1,2011-Q1,Tuolumne,Food and Beverage Stores,1/1/2011,51,8405863,
2011,Q2,2011-Q2,Tuolumne,Food and Beverage Stores,7/1/2011,51,9658758,
2011,Q3,2011-Q3,Tuolumne,Food and Beverage Stores,7/1/2011,51,11055554,
2011,Q4,2011-Q4,Tuolumne,Food and Beverage Stores,1/1/2012,52,9786630,
2012,Q1,2012-Q1,Tuolumne,Food and Beverage Stores,1/1/2012,52,8310690,
2012,Q2,2012-Q2,Tuolumne,Food and Beverage Stores,7/1/2012,56,9567215,
2012,Q3,2012-Q3,Tuolumne,Food and Beverage Stores,7/1/2012,56,10608244,
2012,Q4,2012-Q4,Tuolumne,Food and Beverage Stores,1/1/2013,53,9568528,
2013,Q1,2013-Q1,Tuolumne,Food and Beverage Stores,1/1/2013,53,8237710,
2013,Q2,2013-Q2,Tuolumne,Food and Beverage Stores,7/1/2013,52,9639614,
2013,Q3,2013-Q3,Tuolumne,Food and Beverage Stores,7/1/2013,52,10580247,
2013,Q4,2013-Q4,Tuolumne,Food and Beverage Stores,1/1/2014,48,9788989,
2014,Q1,2014-Q1,Tuolumne,Food and Beverage Stores,1/1/2014,48,8390126,
2014,Q2,2014-Q2,Tuolumne,Food and Beverage Stores,7/1/2014,50,9824686,
2014,Q3,2014-Q3,Tuolumne,Food and Beverage Stores,7/1/2014,50,10490036,
2014,Q4,2014-Q4,Tuolumne,Food and Beverage Stores,1/1/2015,48,10290718,
2009,Q1,2009-Q1,Tuolumne,Food Services and Drinking Places,1/1/2009,140,11332117,
2009,Q2,2009-Q2,Tuolumne,Food Services and Drinking Places,7/1/2009,139,12507324,
2009,Q3,2009-Q3,Tuolumne,Food Services and Drinking Places,7/1/2009,139,13188791,
2009,Q4,2009-Q4,Tuolumne,Food Services and Drinking Places,1/1/2010,139,11645723,
2010,Q1,2010-Q1,Tuolumne,Food Services and Drinking Places,1/1/2010,139,11103837,
2010,Q2,2010-Q2,Tuolumne,Food Services and Drinking Places,7/1/2010,149,12350871,
2010,Q3,2010-Q3,Tuolumne,Food Services and Drinking Places,7/1/2010,149,13984834,
2010,Q4,2010-Q4,Tuolumne,Food Services and Drinking Places,1/1/2011,155,11842040,
2011,Q1,2011-Q1,Tuolumne,Food Services and Drinking Places,1/1/2011,155,11245998,
2011,Q2,2011-Q2,Tuolumne,Food Services and Drinking Places,7/1/2011,156,12879280,
2011,Q3,2011-Q3,Tuolumne,Food Services and Drinking Places,7/1/2011,156,14356608,
2011,Q4,2011-Q4,Tuolumne,Food Services and Drinking Places,1/1/2012,159,12299487,
2012,Q1,2012-Q1,Tuolumne,Food Services and Drinking Places,1/1/2012,159,11375320,
2012,Q2,2012-Q2,Tuolumne,Food Services and Drinking Places,7/1/2012,172,13416561,
2012,Q3,2012-Q3,Tuolumne,Food Services and Drinking Places,7/1/2012,172,14729802,
2012,Q4,2012-Q4,Tuolumne,Food Services and Drinking Places,1/1/2013,163,12549993,
2013,Q1,2013-Q1,Tuolumne,Food Services and Drinking Places,1/1/2013,163,12014607,
2013,Q2,2013-Q2,Tuolumne,Food Services and Drinking Places,7/1/2013,171,14511510,
2013,Q3,2013-Q3,Tuolumne,Food Services and Drinking Places,7/1/2013,171,15908061,
2013,Q4,2013-Q4,Tuolumne,Food Services and Drinking Places,1/1/2014,171,13432964,
2014,Q1,2014-Q1,Tuolumne,Food Services and Drinking Places,1/1/2014,171,12509140,
2014,Q2,2014-Q2,Tuolumne,Food Services and Drinking Places,7/1/2014,179,15090677,
2014,Q3,2014-Q3,Tuolumne,Food Services and Drinking Places,7/1/2014,179,16431039,
2014,Q4,2014-Q4,Tuolumne,Food Services and Drinking Places,1/1/2015,173,14636018,
2009,Q1,2009-Q1,Tuolumne,Gasoline Stations,1/1/2009,30,11354646,11354.646
2009,Q2,2009-Q2,Tuolumne,Gasoline Stations,7/1/2009,32,14816367,14816.367
2009,Q3,2009-Q3,Tuolumne,Gasoline Stations,7/1/2009,32,17197160,17197.16
2009,Q4,2009-Q4,Tuolumne,Gasoline Stations,1/1/2010,27,13895643,13895.643
2010,Q1,2010-Q1,Tuolumne,Gasoline Stations,1/1/2010,27,13816241,13816.241
2010,Q2,2010-Q2,Tuolumne,Gasoline Stations,7/1/2010,26,16349275,16349.275
2010,Q3,2010-Q3,Tuolumne,Gasoline Stations,7/1/2010,26,18043108,18043.108
2010,Q4,2010-Q4,Tuolumne,Gasoline Stations,1/1/2011,25,15191952,15191.952
2011,Q1,2011-Q1,Tuolumne,Gasoline Stations,1/1/2011,25,16435989,16435.989
2011,Q2,2011-Q2,Tuolumne,Gasoline Stations,7/1/2011,26,20962338,20962.338
2011,Q3,2011-Q3,Tuolumne,Gasoline Stations,7/1/2011,26,22733317,22733.317
2011,Q4,2011-Q4,Tuolumne,Gasoline Stations,1/1/2012,27,17089853,17089.853
2012,Q1,2012-Q1,Tuolumne,Gasoline Stations,1/1/2012,27,19148551,19148.551
2012,Q2,2012-Q2,Tuolumne,Gasoline Stations,7/1/2012,26,22878136,22878.136
2012,Q3,2012-Q3,Tuolumne,Gasoline Stations,7/1/2012,26,24910001,24910.001
2012,Q4,2012-Q4,Tuolumne,Gasoline Stations,1/1/2013,27,20693511,20693.511
2013,Q1,2013-Q1,Tuolumne,Gasoline Stations,1/1/2013,27,20291572,20291.572
2013,Q2,2013-Q2,Tuolumne,Gasoline Stations,7/1/2013,27,23769020,23769.02
2013,Q3,2013-Q3,Tuolumne,Gasoline Stations,7/1/2013,27,25318715,25318.715
2013,Q4,2013-Q4,Tuolumne,Gasoline Stations,1/1/2014,26,20337992,20337.992
2014,Q1,2014-Q1,Tuolumne,Gasoline Stations,1/1/2014,26,19102406,19102.406
2014,Q2,2014-Q2,Tuolumne,Gasoline Stations,7/1/2014,26,23695391,23695.391
2014,Q3,2014-Q3,Tuolumne,Gasoline Stations,7/1/2014,26,24659660,24659.66
2014,Q4,2014-Q4,Tuolumne,Gasoline Stations,1/1/2015,26,18415395,18415.395
2009,Q1,2009-Q1,Tuolumne,General Merchandise Stores,1/1/2009,16,,0
2009,Q2,2009-Q2,Tuolumne,General Merchandise Stores,7/1/2009,12,,0
2009,Q3,2009-Q3,Tuolumne,General Merchandise Stores,7/1/2009,12,,0
2009,Q4,2009-Q4,Tuolumne,General Merchandise Stores,1/1/2010,11,,0
2010,Q1,2010-Q1,Tuolumne,General Merchandise Stores,1/1/2010,11,,0
2010,Q2,2010-Q2,Tuolumne,General Merchandise Stores,7/1/2010,13,,0
2010,Q3,2010-Q3,Tuolumne,General Merchandise Stores,7/1/2010,13,,0
2010,Q4,2010-Q4,Tuolumne,General Merchandise Stores,1/1/2011,16,,0
2011,Q1,2011-Q1,Tuolumne,General Merchandise Stores,1/1/2011,16,,0
2011,Q2,2011-Q2,Tuolumne,General Merchandise Stores,7/1/2011,17,,0
2011,Q3,2011-Q3,Tuolumne,General Merchandise Stores,7/1/2011,17,,0
2011,Q4,2011-Q4,Tuolumne,General Merchandise Stores,1/1/2012,22,,0
2012,Q1,2012-Q1,Tuolumne,General Merchandise Stores,1/1/2012,22,,0
2012,Q2,2012-Q2,Tuolumne,General Merchandise Stores,7/1/2012,24,,0
2012,Q3,2012-Q3,Tuolumne,General Merchandise Stores,7/1/2012,24,,0
2012,Q4,2012-Q4,Tuolumne,General Merchandise Stores,1/1/2013,23,,0
2013,Q1,2013-Q1,Tuolumne,General Merchandise Stores,1/1/2013,23,15237491,15237.491
2013,Q2,2013-Q2,Tuolumne,General Merchandise Stores,7/1/2013,25,16748847,16748.847
2013,Q3,2013-Q3,Tuolumne,General Merchandise Stores,7/1/2013,25,16492594,16492.594
2013,Q4,2013-Q4,Tuolumne,General Merchandise Stores,1/1/2014,19,20132612,20132.612
2014,Q1,2014-Q1,Tuolumne,General Merchandise Stores,1/1/2014,19,14878395,14878.395
2014,Q2,2014-Q2,Tuolumne,General Merchandise Stores,7/1/2014,20,16786284,16786.284
2014,Q3,2014-Q3,Tuolumne,General Merchandise Stores,7/1/2014,20,16866606,16866.606
2014,Q4,2014-Q4,Tuolumne,General Merchandise Stores,1/1/2015,18,21038735,21038.735
2009,Q1,2009-Q1,Tuolumne,Motor Vehicle and Parts Dealers,1/1/2009,61,8350510,8350.51
2009,Q2,2009-Q2,Tuolumne,Motor Vehicle and Parts Dealers,7/1/2009,57,8626911,8626.911
2009,Q3,2009-Q3,Tuolumne,Motor Vehicle and Parts Dealers,7/1/2009,57,9041515,9041.515
2009,Q4,2009-Q4,Tuolumne,Motor Vehicle and Parts Dealers,1/1/2010,58,8747704,8747.704
2010,Q1,2010-Q1,Tuolumne,Motor Vehicle and Parts Dealers,1/1/2010,58,8062878,8062.878
2010,Q2,2010-Q2,Tuolumne,Motor Vehicle and Parts Dealers,7/1/2010,61,11125733,11125.733
2010,Q3,2010-Q3,Tuolumne,Motor Vehicle and Parts Dealers,7/1/2010,61,11327314,11327.314
2010,Q4,2010-Q4,Tuolumne,Motor Vehicle and Parts Dealers,1/1/2011,58,11429186,11429.186
2011,Q1,2011-Q1,Tuolumne,Motor Vehicle and Parts Dealers,1/1/2011,58,11467844,11467.844
2011,Q2,2011-Q2,Tuolumne,Motor Vehicle and Parts Dealers,7/1/2011,60,11332073,11332.073
2011,Q3,2011-Q3,Tuolumne,Motor Vehicle and Parts Dealers,7/1/2011,60,12264312,12264.312
2011,Q4,2011-Q4,Tuolumne,Motor Vehicle and Parts Dealers,1/1/2012,59,11570501,11570.501
2012,Q1,2012-Q1,Tuolumne,Motor Vehicle and Parts Dealers,1/1/2012,59,11020844,11020.844
2012,Q2,2012-Q2,Tuolumne,Motor Vehicle and Parts Dealers,7/1/2012,61,11771669,11771.669
2012,Q3,2012-Q3,Tuolumne,Motor Vehicle and Parts Dealers,7/1/2012,61,14009294,14009.294
2012,Q4,2012-Q4,Tuolumne,Motor Vehicle and Parts Dealers,1/1/2013,53,14082114,14082.114
2013,Q1,2013-Q1,Tuolumne,Motor Vehicle and Parts Dealers,1/1/2013,53,15208560,15208.56
2013,Q2,2013-Q2,Tuolumne,Motor Vehicle and Parts Dealers,7/1/2013,55,16637169,16637.169
2013,Q3,2013-Q3,Tuolumne,Motor Vehicle and Parts Dealers,7/1/2013,55,16155281,16155.281
2013,Q4,2013-Q4,Tuolumne,Motor Vehicle and Parts Dealers,1/1/2014,52,16409147,16409.147
2014,Q1,2014-Q1,Tuolumne,Motor Vehicle and Parts Dealers,1/1/2014,52,14879542,14879.542
2014,Q2,2014-Q2,Tuolumne,Motor Vehicle and Parts Dealers,7/1/2014,54,15877273,15877.273
2014,Q3,2014-Q3,Tuolumne,Motor Vehicle and Parts Dealers,7/1/2014,54,17067988,17067.988
2014,Q4,2014-Q4,Tuolumne,Motor Vehicle and Parts Dealers,1/1/2015,50,16761770,16761.77
2009,Q1,2009-Q1,Tuolumne,Other Retail Group,1/1/2009,827,31063569,31063.569
2009,Q2,2009-Q2,Tuolumne,Other Retail Group,7/1/2009,803,31975914,31975.914
2009,Q3,2009-Q3,Tuolumne,Other Retail Group,7/1/2009,803,29350717,29350.717
2009,Q4,2009-Q4,Tuolumne,Other Retail Group,1/1/2010,777,34556848,34556.848
2010,Q1,2010-Q1,Tuolumne,Other Retail Group,1/1/2010,777,28472171,28472.171
2010,Q2,2010-Q2,Tuolumne,Other Retail Group,7/1/2010,803,29722278,29722.278
2010,Q3,2010-Q3,Tuolumne,Other Retail Group,7/1/2010,803,28635558,28635.558
2010,Q4,2010-Q4,Tuolumne,Other Retail Group,1/1/2011,753,38073805,38073.805
2011,Q1,2011-Q1,Tuolumne,Other Retail Group,1/1/2011,753,29308664,29308.664
2011,Q2,2011-Q2,Tuolumne,Other Retail Group,7/1/2011,733,30072764,30072.764
2011,Q3,2011-Q3,Tuolumne,Other Retail Group,7/1/2011,733,30151427,30151.427
2011,Q4,2011-Q4,Tuolumne,Other Retail Group,1/1/2012,687,39148590,39148.59
2012,Q1,2012-Q1,Tuolumne,Other Retail Group,1/1/2012,687,30002305,30002.305
2012,Q2,2012-Q2,Tuolumne,Other Retail Group,7/1/2012,714,30944712,30944.712
2012,Q3,2012-Q3,Tuolumne,Other Retail Group,7/1/2012,714,30340913,30340.913
2012,Q4,2012-Q4,Tuolumne,Other Retail Group,1/1/2013,719,38259380,38259.38
2013,Q1,2013-Q1,Tuolumne,Other Retail Group,1/1/2013,719,14631287,14631.287
2013,Q2,2013-Q2,Tuolumne,Other Retail Group,7/1/2013,805,15362835,15362.835
2013,Q3,2013-Q3,Tuolumne,Other Retail Group,7/1/2013,805,15426757,15426.757
2013,Q4,2013-Q4,Tuolumne,Other Retail Group,1/1/2014,828,18825380,18825.38
2014,Q1,2014-Q1,Tuolumne,Other Retail Group,1/1/2014,828,14822333,14822.333
2014,Q2,2014-Q2,Tuolumne,Other Retail Group,7/1/2014,840,15508477,15508.477
2014,Q3,2014-Q3,Tuolumne,Other Retail Group,7/1/2014,840,16471399,16471.399
2014,Q4,2014-Q4,Tuolumne,Other Retail Group,1/1/2015,842,19159318,19159.318
