MoYear,SGFireApplication,TiogaPass
Jan-00,Open,0
Feb-00,Open,0
Mar-00,Open,0
Apr-00,Open,0
May-00,Open,5702
Jun-00,Open,31188
Jul-00,Open,42750
Aug-00,Open,44719
Sep-00,Open,35691
Oct-00,Open,22682
Nov-00,Open,0
Dec-00,Open,0
1-Jan,Open,0
1-Feb,Open,0
1-Mar,Open,0
1-Apr,Open,0
1-May,Open,0
1-Jun,Open,33000
1-Jul,Open,48050
1-Aug,Open,66650
1-Sep,Open,48000
1-Oct,Open,23250
1-Nov,Open,0
1-Dec,Open,0
2-Jan,Open,0
2-Feb,Open,0
2-Mar,Open,0
2-Apr,Open,0
2-May,Open,0
2-Jun,Open,33000
2-Jul,Open,48050
2-Aug,Open,66650
2-Sep,Open,48000
2-Oct,Open,23250
2-Nov,Open,0
2-Dec,Open,0
3-Jan,Open,0
3-Feb,Open,0
3-Mar,Open,0
3-Apr,Open,0
3-May,Open,0
3-Jun,Open,33000
3-Jul,Open,48050
3-Aug,Open,66650
3-Sep,Open,42036
3-Oct,Open,24287
3-Nov,Open,0
3-Dec,Open,0
4-Jan,Open,0
4-Feb,Open,0
4-Mar,Open,0
4-Apr,Open,0
4-May,Open,0
4-Jun,Open,33000
4-Jul,Open,48050
4-Aug,Open,44509
4-Sep,Open,33116
4-Oct,Open,23250
4-Nov,Open,0
4-Dec,Open,0
5-Jan,Open,0
5-Feb,Open,0
5-Mar,Open,0
5-Apr,Open,0
5-May,Open,0
5-Jun,Open,1256
5-Jul,Open,44192
5-Aug,Open,66650
5-Sep,Open,46115
5-Oct,Open,23250
5-Nov,Open,0
5-Dec,Open,0
6-Jan,Open,0
6-Feb,Open,0
6-Mar,Open,0
6-Apr,Open,0
6-May,Open,0
6-Jun,Open,14300
6-Jul,Open,46715
6-Aug,Open,41464
6-Sep,Open,33844
6-Oct,Open,18173
6-Nov,Open,5437
6-Dec,Open,0
7-Jan,Open,0
7-Feb,Open,0
7-Mar,Open,0
7-Apr,Open,0
7-May,Open,16926
7-Jun,Open,30693
7-Jul,Open,41243
7-Aug,Open,43779
7-Sep,Open,32317
7-Oct,Open,16068
7-Nov,Open,7928
7-Dec,Open,496
8-Jan,Open,0
8-Feb,Open,0
8-Mar,Open,0
8-Apr,Open,0
8-May,Open,6051
8-Jun,Open,30737
8-Jul,Open,42324
8-Aug,Open,45552
8-Sep,Open,34933
8-Oct,Open,18098
8-Nov,Open,0
8-Dec,Open,0
9-Jan,Open,0
9-Feb,Open,0
9-Mar,Open,0
9-Apr,Open,0
9-May,Open,11440
9-Jun,Open,31814
9-Jul,Open,46336
9-Aug,Open,66650
9-Sep,Open,48000
9-Oct,Open,23250
9-Nov,Open,0
9-Dec,Open,0
10-Jan,Open,0
10-Feb,Open,0
10-Mar,Open,0
10-Apr,Open,0
10-May,Open,0
10-Jun,Open,27500
10-Jul,Open,46593
10-Aug,Open,66650
10-Sep,Open,48000
10-Oct,Open,23250
10-Nov,Open,0
10-Dec,Open,0
11-Jan,Open,0
11-Feb,Open,0
11-Mar,Open,0
11-Apr,Open,0
11-May,Open,0
11-Jun,Open,13200
11-Jul,Open,48050
11-Aug,Open,66650
11-Sep,Open,48000
11-Oct,Open,23250
11-Nov,Open,0
11-Dec,Open,2000
12-Jan,Open,4800
12-Feb,Open,3400
12-Mar,Open,0
12-Apr,Open,0
12-May,Open,0
12-Jun,Open,33000
12-Jul,Open,48050
12-Aug,Open,66650
12-Sep,Open,48000
12-Oct,Open,23250
12-Nov,Open,0
12-Dec,Open,0
13-Jan,Open,0
13-Feb,Open,0
13-Mar,Open,0
13-Apr,Open,0
13-May,Open,0
13-Jun,Open,33000
13-Jul,Open,48050
13-Aug,Open,60200
13-Sep,Open,48000
13-Oct,Open,18000
13-Nov,Open,0
13-Dec,Open,0
14-Jan,Open,0
14-Feb,Open,0
14-Mar,Open,0
14-Apr,Open,0
14-May,Open,0
14-Jun,Open,33000
14-Jul,Open,48050
14-Aug,Closed,66650
14-Sep,Open,48000
14-Oct,Open,23250
14-Nov,Open,0
14-Dec,Open,0
15-Jan,Open,0
15-Feb,Open,0
15-Mar,Open,0
15-Apr,Open,0
15-May,Open,0
15-Jun,Open,33000
15-Jul,Open,48050
15-Aug,Open,55576
15-Sep,Open,45006
15-Oct,Open,23250
15-Nov,Open,0
15-Dec,Open,0
16-Jan,Open,0
16-Feb,Open,0
16-Mar,Open,0
16-Apr,Open,0
16-May,Open,0
16-Jun,Open,65348
16-Jul,Open,64892
16-Aug,Open,61146
16-Sep,Open,52609
16-Oct,Open,20250
16-Nov,Open,0
16-Dec,Open,0
17-Jan,Open,0
17-Feb,Open,0
17-Mar,Open,0
17-Apr,Open,0
17-May,Open,0
17-Jun,Open,2200
17-Jul,Open,48050
17-Aug,Closed,59877
17-Sep,Closed,48000
17-Oct,Open,23250
17-Nov,Open,0
17-Dec,Open,0
18-Jan,Open,0
18-Feb,Open,0
18-Mar,Open,0
18-Apr,Open,0
18-May,Open,0
18-Jun,Open,33000
18-Jul,Open,48050
18-Aug,Closed,66650
18-Sep,Open,48000
18-Oct,Open,27833
18-Nov,Open,9272
18-Dec,Open,0
19-Jan,Open,0
19-Feb,Open,0
19-Mar,Open,0
19-Apr,Open,0
19-May,Open,0
19-Jun,Open,0
19-Jul,Open,59221
19-Aug,Open,61308
19-Sep,Open,49628
19-Oct,Open,34360
19-Nov,Open,9535
19-Dec,Open,0
