MoYear,ArchRockFireApplication,HetchHetchy,,
Jan-00,Open,155,Q1,1055
Feb-00,Open,435,,
Mar-00,Open,465,,
Apr-00,Open,1500,Q2,10040
May-00,Open,4340,,
Jun-00,Open,4200,,
Jul-00,Open,4340,Q3,10440
Aug-00,Open,3100,,
Sep-00,Open,3000,,
Oct-00,Open,2325,Q4,3525
Nov-00,Open,1200,,
Dec-00,Open,0,,
1-Jan,Open,155,Q1,1040
1-Feb,Open,420,,
1-Mar,Open,465,,
1-Apr,Open,1500,Q2,9237
1-May,Open,4340,,
1-Jun,Open,3397,,
1-Jul,Closed,2468,Q3,8568
1-Aug,Open,3100,,
1-Sep,Open,3000,,
1-Oct,Open,939,Q4,2139
1-Nov,Open,1200,,
1-Dec,Open,0,,
2-Jan,Open,155,Q1,1040
2-Feb,Open,420,,
2-Mar,Open,465,,
2-Apr,Open,1229,Q2,5557
2-May,Open,2497,,
2-Jun,Open,1831,,
2-Jul,Open,2714,Q3,8814
2-Aug,Open,3100,,
2-Sep,Open,3000,,
2-Oct,Open,2325,Q4,2325
2-Nov,Open,0,,
2-Dec,Open,0,,
3-Jan,Open,0,Q1,465
3-Feb,Open,0,,
3-Mar,Open,465,,
3-Apr,Open,1500,Q2,10040
3-May,Open,4340,,
3-Jun,Open,4200,,
3-Jul,Open,4340,Q3,10440
3-Aug,Open,3100,,
3-Sep,Open,3000,,
3-Oct,Open,2325,Q4,2325
3-Nov,Open,0,,
3-Dec,Open,0,,
4-Jan,Open,0,Q1,0
4-Feb,Open,0,,
4-Mar,Open,0,,
4-Apr,Open,1331,Q2,7439
4-May,Open,1908,,
4-Jun,Open,4200,,
4-Jul,Open,4340,Q3,9324
4-Aug,Open,1984,,
4-Sep,Closed,3000,,
4-Oct,Open,2325,Q4,3565
4-Nov,Open,1240,,
4-Dec,Open,0,,
5-Jan,Open,142,Q1,933
5-Feb,Open,236,,
5-Mar,Open,555,,
5-Apr,Open,1326,Q2,9381
5-May,Open,3035,,
5-Jun,Open,5020,,
5-Jul,Open,3568,Q3,7865
5-Aug,Open,2486,,
5-Sep,Open,1811,,
5-Oct,Open,1187,Q4,1515
5-Nov,Open,0,,
5-Dec,Open,328,,
6-Jan,Open,161,Q1,700
6-Feb,Open,270,,
6-Mar,Open,269,,
6-Apr,Open,1352,Q2,9841
6-May,Open,3873,,
6-Jun,Open,4616,,
6-Jul,Open,3247,Q3,8357
6-Aug,Open,2813,,
6-Sep,Open,2297,,
6-Oct,Open,1187,Q4,1430
6-Nov,Open,0,,
6-Dec,Open,243,,
7-Jan,Open,155,Q1,1190
7-Feb,Open,316,,
7-Mar,Open,719,,
7-Apr,Open,2142,Q2,8348
7-May,Open,3221,,
7-Jun,Open,2985,,
7-Jul,Open,2883,Q3,7647
7-Aug,Open,2668,,
7-Sep,Open,2096,,
7-Oct,Open,1662,Q4,2928
7-Nov,Open,864,,
7-Dec,Open,402,,
8-Jan,Open,154,Q1,1539
8-Feb,Open,295,,
8-Mar,Open,1090,,
8-Apr,Open,1847,Q2,8835
8-May,Open,3779,,
8-Jun,Open,3209,,
8-Jul,Closed,2826,Q3,7302
8-Aug,Open,2560,,
8-Sep,Open,1916,,
8-Oct,Open,1534,Q4,2799
8-Nov,Open,1047,,
8-Dec,Open,218,,
9-Jan,Open,257,Q1,1031
9-Feb,Open,148,,
9-Mar,Open,626,,
9-Apr,Open,1502,Q2,9474
9-May,Open,4160,,
9-Jun,Open,3812,,
9-Jul,Open,3290,Q3,8436
9-Aug,Open,3112,,
9-Sep,Open,2034,,
9-Oct,Open,1851,Q4,3212
9-Nov,Open,1141,,
9-Dec,Open,220,,
10-Jan,Open,283,Q1,1543
10-Feb,Open,364,,
10-Mar,Open,896,,
10-Apr,Open,1076,Q2,10514
10-May,Open,5110,,
10-Jun,Open,4328,,
10-Jul,Open,3809,Q3,10239
10-Aug,Open,3392,,
10-Sep,Open,3038,,
10-Oct,Open,2033,Q4,2913
10-Nov,Open,667,,
10-Dec,Open,213,,
11-Jan,Open,275,Q1,816
11-Feb,Open,271,,
11-Mar,Open,270,,
11-Apr,Open,0,Q2,11787
11-May,Open,5312,,
11-Jun,Open,6475,,
11-Jul,Open,5360,Q3,12446
11-Aug,Closed,3892,,
11-Sep,Open,3194,,
11-Oct,Open,2351,Q4,3843
11-Nov,Open,918,,
11-Dec,Open,574,,
12-Jan,Open,405,Q1,1802
12-Feb,Open,613,,
12-Mar,Open,784,,
12-Apr,Open,1969,Q2,5732
12-May,Open,0,,
12-Jun,Open,3763,,
12-Jul,Open,3658,Q3,9342
12-Aug,Open,3186,,
12-Sep,Open,2498,,
12-Oct,Open,1715,Q4,2631
12-Nov,Open,775,,
12-Dec,Open,141,,
13-Jan,Open,0,Q1,0
13-Feb,Open,0,,
13-Mar,Open,0,,
13-Apr,Open,1936,Q2,9969
13-May,Open,3846,,
13-Jun,Open,4187,,
13-Jul,Open,3151,Q3,4661
13-Aug,Open,1510,,
13-Sep,Open,0,,
13-Oct,Open,269,Q4,1924
13-Nov,Open,1077,,
13-Dec,Open,578,,
14-Jan,Open,604,Q1,2215
14-Feb,Open,542,,
14-Mar,Open,1069,,
14-Apr,Open,2120,Q2,8392
14-May,Open,3245,,
14-Jun,Open,3027,,
14-Jul,Open,2858,Q3,7626
14-Aug,Open,2835,,
14-Sep,Open,1933,,
14-Oct,Closed,1789,Q4,3939
14-Nov,Open,1273,,
14-Dec,Open,877,,
15-Jan,Open,79,Q1,1145
15-Feb,Open,1066,,
15-Mar,Open,0,,
15-Apr,Open,2491,Q2,9042
15-May,Open,3326,,
15-Jun,Open,3225,,
15-Jul,Open,3144,Q3,8027
15-Aug,Open,2703,,
15-Sep,Open,2180,,
15-Oct,Open,1743,Q4,2856
15-Nov,Open,764,,
15-Dec,Open,349,,
16-Jan,Open,277,Q1,2630
16-Feb,Open,837,,
16-Mar,Open,1516,,
16-Apr,Open,2773,Q2,11524
16-May,Open,4686,,
16-Jun,Open,4065,,
16-Jul,Open,3738,Q3,9444
16-Aug,Open,2686,,
16-Sep,Open,3020,,
16-Oct,Open,2382,Q4,4501
16-Nov,Open,1373,,
16-Dec,Open,746,,
17-Jan,Open,258,Q1,2316
17-Feb,Open,646,,
17-Mar,Open,1412,,
17-Apr,Open,0,Q2,6617
17-May,Open,0,,
17-Jun,Open,6617,,
17-Jul,Closed,4478,Q3,11146
17-Aug,Open,3466,,
17-Sep,Open,3202,,
17-Oct,Open,2418,Q4,3895
17-Nov,Open,857,,
17-Dec,Open,620,,
18-Jan,Open,733,Q1,1754
18-Feb,Open,0,,
18-Mar,Open,1021,,
18-Apr,Open,2884,Q2,9625
18-May,Open,2996,,
18-Jun,Open,3745,,
18-Jul,Closed,2869,Q3,6101
18-Aug,Closed,1078,,
18-Sep,Open,2154,,
18-Oct,Open,2049,Q4,3325
18-Nov,Open,1174,,
18-Dec,Open,102,,
19-Jan,Open,122,Q1,1333
19-Feb,Open,92,,
19-Mar,Open,1119,,
19-Apr,Open,0,Q2,9468
19-May,Open,4063,,
19-Jun,Open,5405,,
19-Jul,Open,3845,Q3,9825
19-Aug,Open,2984,,
19-Sep,Open,2996,,
19-Oct,Closed,2056,Q4,2353
19-Nov,Open,0,,
19-Dec,Open,297,,
