MoYear,TPFireApplication,ArchRock
Jan-00,Open,11400
Feb-00,Open,10800
Mar-00,Open,13500
Apr-00,Open,12600
May-00,Open,26100
Jun-00,Open,45000
Jul-00,Open,51150
Aug-00,Open,49600
Sep-00,Open,16800
Oct-00,Open,35650
Nov-00,Open,22500
Dec-00,Open,20150
1-Jan,Open,17670
1-Feb,Open,18900
1-Mar,Open,23250
1-Apr,Open,25395
1-May,Open,35564
1-Jun,Open,39097
1-Jul,Open,43614
1-Aug,Open,49600
1-Sep,Open,32557
1-Oct,Open,27521
1-Nov,Open,18954
1-Dec,Open,17885
2-Jan,Open,15244
2-Feb,Open,15358
2-Mar,Open,19562
2-Apr,Open,25162
2-May,Open,37050
2-Jun,Open,41790
2-Jul,Open,44301
2-Aug,Open,43849
2-Sep,Open,34883
2-Oct,Open,29822
2-Nov,Open,21691
2-Dec,Open,16764
3-Jan,Open,15962
3-Feb,Open,15027
3-Mar,Open,19178
3-Apr,Open,23627
3-May,Open,35503
3-Jun,Open,44135
3-Jul,Open,45213
3-Aug,Open,44444
3-Sep,Open,34301
3-Oct,Open,31196
3-Nov,Open,19283
3-Dec,Open,17228
4-Jan,Open,15788
4-Feb,Open,16324
4-Mar,Open,20640
4-Apr,Open,30058
4-May,Open,40126
4-Jun,Open,42490
4-Jul,Open,44650
4-Aug,Open,42566
4-Sep,Open,36162
4-Oct,Open,27661
4-Nov,Open,18134
4-Dec,Open,16989
5-Jan,Open,15983
5-Feb,Open,18900
5-Mar,Open,23250
5-Apr,Open,31500
5-May,Open,44950
5-Jun,Open,49348
5-Jul,Open,51150
5-Aug,Open,49600
5-Sep,Open,41342
5-Oct,Open,33369
5-Nov,Open,22605
5-Dec,Open,16726
6-Jan,Open,17670
6-Feb,Open,15490
6-Mar,Open,20985
6-Apr,Open,29254
6-May,Open,1060
6-Jun,Open,0
6-Jul,Open,0
6-Aug,Open,31704
6-Sep,Open,35095
6-Oct,Open,28959
6-Nov,Open,21048
6-Dec,Open,16477
7-Jan,Open,14722
7-Feb,Open,14248
7-Mar,Open,19687
7-Apr,Open,26916
7-May,Open,37943
7-Jun,Open,42237
7-Jul,Open,44124
7-Aug,Open,43148
7-Sep,Open,37132
7-Oct,Open,30765
7-Nov,Open,21216
7-Dec,Open,16432
8-Jan,Open,15048
8-Feb,Open,16700
8-Mar,Open,22401
8-Apr,Open,25287
8-May,Open,38920
8-Jun,Open,44019
8-Jul,Open,43485
8-Aug,Open,42423
8-Sep,Open,36330
8-Oct,Open,31070
8-Nov,Open,19285
8-Dec,Open,15803
9-Jan,Open,15440
9-Feb,Open,14002
9-Mar,Open,20361
9-Apr,Open,29003
9-May,Open,42580
9-Jun,Open,47773
9-Jul,Open,51030
9-Aug,Closed,49969
9-Sep,Open,43796
9-Oct,Open,34237
9-Nov,Open,21837
9-Dec,Open,17474
10-Jan,Open,15385
10-Feb,Open,16482
10-Mar,Open,22692
10-Apr,Open,29365
10-May,Open,45513
10-Jun,Open,56830
10-Jul,Open,57350
10-Aug,Open,51946
10-Sep,Open,46205
10-Oct,Open,34755
10-Nov,Open,21411
10-Dec,Open,15627
11-Jan,Open,17128
11-Feb,Open,17345
11-Mar,Open,19730
11-Apr,Open,31500
11-May,Open,44950
11-Jun,Open,56213
11-Jul,Open,59327
11-Aug,Open,54471
11-Sep,Open,44896
11-Oct,Open,37061
11-Nov,Open,22218
11-Dec,Open,18149
12-Jan,Open,18387
12-Feb,Open,17877
12-Mar,Open,23422
12-Apr,Open,33551
12-May,Open,45200
12-Jun,Open,49717
12-Jul,Open,50002
12-Aug,Open,49600
12-Sep,Open,38196
12-Oct,Open,28858
12-Nov,Open,19275
12-Dec,Open,17383
13-Jan,Open,16634
13-Feb,Open,17536
13-Mar,Open,25560
13-Apr,Open,30371
13-May,Open,44950
13-Jun,Open,45000
13-Jul,Open,50987
13-Aug,Open,55726
13-Sep,Open,40552
13-Oct,Open,20237
13-Nov,Open,22968
13-Dec,Open,18484
14-Jan,Open,16919
14-Feb,Open,16924
14-Mar,Open,21754
14-Apr,Open,32520
14-May,Open,44950
14-Jun,Open,45000
14-Jul,Open,56355
14-Aug,Open,49472
14-Sep,Open,40474
14-Oct,Open,29344
14-Nov,Open,23857
14-Dec,Open,21975
15-Jan,Open,19875
15-Feb,Open,19574
15-Mar,Open,28666
15-Apr,Open,35198
15-May,Open,45677
15-Jun,Open,49450
15-Jul,Open,48671
15-Aug,Closed,49004
15-Sep,Open,43376
15-Oct,Open,36641
15-Nov,Open,24772
15-Dec,Open,23412
16-Jan,Open,21728
16-Feb,Open,26196
16-Mar,Open,32769
16-Apr,Open,38821
16-May,Open,52689
16-Jun,Open,58480
16-Jul,Open,60143
16-Aug,Open,54744
16-Sep,Open,52947
16-Oct,Open,43187
16-Nov,Open,28816
16-Dec,Open,23811
17-Jan,Open,20184
17-Feb,Open,24206
17-Mar,Open,46112
17-Apr,Open,66498
17-May,Open,67532
17-Jun,Open,57925
17-Jul,Open,57547
17-Aug,Open,57367
17-Sep,Open,63136
17-Oct,Open,48242
17-Nov,Open,33996
17-Dec,Open,19405
18-Jan,Open,20793
18-Feb,Open,22429
18-Mar,Open,30230
18-Apr,Open,36935
18-May,Open,46739
18-Jun,Open,45000
18-Jul,Open,21450
18-Aug,Open,27200
18-Sep,Open,44223
18-Oct,Open,35650
18-Nov,Open,28012
18-Dec,Open,21859
19-Jan,Open,20296
19-Feb,Open,18627
19-Mar,Open,26718
19-Apr,Open,41740
19-May,Open,53008
19-Jun,Open,60656
19-Jul,Open,65040
19-Aug,Open,61529
19-Sep,Open,57224
19-Oct,Open,42021
19-Nov,Open,31304
19-Dec,Open,22428
