MoYear,TPFireApplication,BigOakFlat
Jan-00,Open,8469
Feb-00,Open,8935
Mar-00,Open,14493
Apr-00,Open,27514
May-00,Open,37295
Jun-00,Open,40613
Jul-00,Open,51472
Aug-00,Open,48541
Sep-00,Open,42093
Oct-00,Open,26582
Nov-00,Open,12840
Dec-00,Open,10063
1-Jan,Open,7127
1-Feb,Open,6694
1-Mar,Open,13176
1-Apr,Open,20777
1-May,Open,37868
1-Jun,Open,41311
1-Jul,Open,48650
1-Aug,Open,46897
1-Sep,Open,36768
1-Oct,Open,26536
1-Nov,Open,13630
1-Dec,Open,7120
2-Jan,Open,7564
2-Feb,Open,8108
2-Mar,Open,11398
2-Apr,Open,18728
2-May,Open,34311
2-Jun,Open,40941
2-Jul,Open,46970
2-Aug,Open,47328
2-Sep,Open,36776
2-Oct,Open,26236
2-Nov,Open,12552
2-Dec,Open,6957
3-Jan,Open,8023
3-Feb,Open,8064
3-Mar,Open,12167
3-Apr,Open,15321
3-May,Open,30723
3-Jun,Open,42769
3-Jul,Open,47147
3-Aug,Open,48141
3-Sep,Open,35066
3-Oct,Open,27442
3-Nov,Open,10448
3-Dec,Open,6437
4-Jan,Open,6824
4-Feb,Open,6956
4-Mar,Open,12699
4-Apr,Open,21797
4-May,Open,36937
4-Jun,Open,40182
4-Jul,Open,47099
4-Aug,Open,46747
4-Sep,Open,35145
4-Oct,Open,22990
4-Nov,Open,9296
4-Dec,Open,6948
5-Jan,Open,5996
5-Feb,Open,6925
5-Mar,Open,11462
5-Apr,Open,17585
5-May,Open,35632
5-Jun,Open,50572
5-Jul,Open,54638
5-Aug,Open,49840
5-Sep,Open,36672
5-Oct,Open,27459
5-Nov,Open,13877
5-Dec,Open,6846
6-Jan,Open,6553
6-Feb,Open,8045
6-Mar,Open,16275
6-Apr,Open,15694
6-May,Open,45223
6-Jun,Open,52712
6-Jul,Open,59906
6-Aug,Open,54962
6-Sep,Open,38763
6-Oct,Open,28753
6-Nov,Open,14443
6-Dec,Open,7777
7-Jan,Open,7312
7-Feb,Open,7226
7-Mar,Open,11941
7-Apr,Open,21634
7-May,Open,37259
7-Jun,Open,43790
7-Jul,Open,50333
7-Aug,Open,50203
7-Sep,Open,38729
7-Oct,Open,26336
7-Nov,Open,16205
7-Dec,Open,8066
8-Jan,Open,6039
8-Feb,Open,7245
8-Mar,Open,15383
8-Apr,Open,19791
8-May,Open,38536
8-Jun,Open,46912
8-Jul,Open,53092
8-Aug,Open,52521
8-Sep,Open,38474
8-Oct,Open,27808
8-Nov,Open,13953
8-Dec,Open,7423
9-Jan,Open,7678
9-Feb,Open,5426
9-Mar,Open,11778
9-Apr,Open,23912
9-May,Open,43186
9-Jun,Open,48083
9-Jul,Open,56955
9-Aug,Closed,59502
9-Sep,Open,35866
9-Oct,Open,32813
9-Nov,Open,13500
9-Dec,Open,9300
10-Jan,Open,6975
10-Feb,Open,8400
10-Mar,Open,16275
10-Apr,Open,25500
10-May,Open,43752
10-Jun,Open,46500
10-Jul,Open,64618
10-Aug,Open,61153
10-Sep,Open,47364
10-Oct,Open,31000
10-Nov,Open,12674
10-Dec,Open,7423
11-Jan,Open,7782
11-Feb,Open,6946
11-Mar,Open,7548
11-Apr,Open,24025
11-May,Open,40870
11-Jun,Open,60856
11-Jul,Open,75667
11-Aug,Open,66429
11-Sep,Open,50263
11-Oct,Open,33233
11-Nov,Open,11207
11-Dec,Open,10352
12-Jan,Open,8451
12-Feb,Open,6931
12-Mar,Open,7123
12-Apr,Open,22910
12-May,Open,41702
12-Jun,Open,54525
12-Jul,Open,65081
12-Aug,Open,60352
12-Sep,Open,40605
12-Oct,Open,26312
12-Nov,Open,11154
12-Dec,Open,9300
13-Jan,Open,6975
13-Feb,Open,8400
13-Mar,Open,16275
13-Apr,Open,23471
13-May,Open,43298
13-Jun,Open,50773
13-Jul,Open,59164
13-Aug,Open,22800
13-Sep,Open,31500
13-Oct,Open,31000
13-Nov,Open,15167
13-Dec,Open,9265
14-Jan,Open,8920
14-Feb,Open,8400
14-Mar,Open,16275
14-Apr,Open,25500
14-May,Open,32550
14-Jun,Open,46500
14-Jul,Open,62000
14-Aug,Open,58900
14-Sep,Open,31500
14-Oct,Open,31000
14-Nov,Open,13500
14-Dec,Open,9300
15-Jan,Open,6975
15-Feb,Open,8400
15-Mar,Open,16275
15-Apr,Open,27305
15-May,Open,48629
15-Jun,Open,56726
15-Jul,Open,68724
15-Aug,Closed,64515
15-Sep,Open,48137
15-Oct,Open,38434
15-Nov,Open,13500
15-Dec,Open,11323
16-Jan,Open,11484
16-Feb,Open,16737
16-Mar,Open,21092
16-Apr,Open,33858
16-May,Open,55779
16-Jun,Open,69033
16-Jul,Open,86083
16-Aug,Open,75156
16-Sep,Open,63958
16-Oct,Open,76670
16-Nov,Open,22421
16-Dec,Open,14533
17-Jan,Open,9623
17-Feb,Open,8838
17-Mar,Open,3807
17-Apr,Open,9043
17-May,Open,50361
17-Jun,Open,70602
17-Jul,Open,62000
17-Aug,Open,72143
17-Sep,Open,55575
17-Oct,Open,44396
17-Nov,Open,17040
17-Dec,Open,9312
18-Jan,Open,11885
18-Feb,Open,14072
18-Mar,Open,17529
18-Apr,Open,33226
18-May,Open,56146
18-Jun,Open,65880
18-Jul,Open,64943
18-Aug,Open,36164
18-Sep,Open,54523
18-Oct,Open,31000
18-Nov,Open,25384
18-Dec,Open,16657
19-Jan,Open,9604
19-Feb,Open,6592
19-Mar,Open,18003
19-Apr,Open,39035
19-May,Open,48886
19-Jun,Open,70783
19-Jul,Open,81448
19-Aug,Open,77356
19-Sep,Open,63972
19-Oct,Open,52413
19-Nov,Open,25992
19-Dec,Open,14211
